file,line,type,commit,author,date,time,timezone,datetime,depth,length
style.css,1,css,a5df0b22,Haoshuo Bi,2025-10-14,21:06:28,-07:00,2025-10-14T21:06:28-07:00,0,18
style.css,2,css,a5df0b22,Haoshuo Bi,2025-10-14,21:06:28,-07:00,2025-10-14T21:06:28-07:00,0,4
style.css,3,css,a5df0b22,Haoshuo Bi,2025-10-14,21:06:28,-07:00,2025-10-14T21:06:28-07:00,1,36
style.css,4,css,a5df0b22,Haoshuo Bi,2025-10-14,21:06:28,-07:00,2025-10-14T21:06:28-07:00,1,35
style.css,5,css,a5df0b22,Haoshuo Bi,2025-10-14,21:06:28,-07:00,2025-10-14T21:06:28-07:00,1,35
style.css,6,css,a5df0b22,Haoshuo Bi,2025-10-14,21:06:28,-07:00,2025-10-14T21:06:28-07:00,0,0
style.css,7,css,a5df0b22,Haoshuo Bi,2025-10-14,21:06:28,-07:00,2025-10-14T21:06:28-07:00,0,0
style.css,8,css,effbe46f,Haoshuo Bi,2025-10-08,17:54:37,-07:00,2025-10-08T17:54:37-07:00,0,4
style.css,9,css,effbe46f,Haoshuo Bi,2025-10-08,17:54:37,-07:00,2025-10-08T17:54:37-07:00,1,40
style.css,10,css,effbe46f,Haoshuo Bi,2025-10-08,17:54:37,-07:00,2025-10-08T17:54:37-07:00,1,49
style.css,11,css,effbe46f,Haoshuo Bi,2025-10-08,17:54:37,-07:00,2025-10-08T17:54:37-07:00,0,0
style.css,12,css,effbe46f,Haoshuo Bi,2025-10-08,17:54:37,-07:00,2025-10-08T17:54:37-07:00,0,0
style.css,13,css,effbe46f,Haoshuo Bi,2025-10-08,17:54:37,-07:00,2025-10-08T17:54:37-07:00,0,34
style.css,14,css,dbdcb0a7,Haoshuo Bi,2025-09-30,11:40:00,-07:00,2025-09-30T11:40:00-07:00,0,4
style.css,15,css,dbdcb0a7,Haoshuo Bi,2025-09-30,11:40:00,-07:00,2025-09-30T11:40:00-07:00,1,23
style.css,16,css,effbe46f,Haoshuo Bi,2025-10-08,17:54:37,-07:00,2025-10-08T17:54:37-07:00,1,65
style.css,17,css,effbe46f,Haoshuo Bi,2025-10-08,17:54:37,-07:00,2025-10-08T17:54:37-07:00,1,29
style.css,18,css,dbdcb0a7,Haoshuo Bi,2025-09-30,11:40:00,-07:00,2025-09-30T11:40:00-07:00,0,0
style.css,19,css,b2b7ac40,Haoshuo Bi,2025-10-02,16:05:31,-07:00,2025-10-02T16:05:31-07:00,0,3
style.css,20,css,8410c724,Haoshuo Bi,2025-10-02,16:11:09,-07:00,2025-10-02T16:11:09-07:00,1,14
style.css,21,css,b2b7ac40,Haoshuo Bi,2025-10-02,16:05:31,-07:00,2025-10-02T16:05:31-07:00,1,11
style.css,22,css,b2b7ac40,Haoshuo Bi,2025-10-02,16:05:31,-07:00,2025-10-02T16:05:31-07:00,0,0
style.css,23,css,effbe46f,Haoshuo Bi,2025-10-08,17:54:37,-07:00,2025-10-08T17:54:37-07:00,0,35
style.css,24,css,effbe46f,Haoshuo Bi,2025-10-08,17:54:37,-07:00,2025-10-08T17:54:37-07:00,0,2
style.css,25,css,019054d9,Haoshuo Bi,2025-10-08,22:05:31,-07:00,2025-10-08T22:05:31-07:00,1,31
style.css,26,css,effbe46f,Haoshuo Bi,2025-10-08,17:54:37,-07:00,2025-10-08T17:54:37-07:00,1,28
style.css,27,css,effbe46f,Haoshuo Bi,2025-10-08,17:54:37,-07:00,2025-10-08T17:54:37-07:00,1,18
style.css,28,css,effbe46f,Haoshuo Bi,2025-10-08,17:54:37,-07:00,2025-10-08T17:54:37-07:00,0,0
style.css,29,css,effbe46f,Haoshuo Bi,2025-10-08,17:54:37,-07:00,2025-10-08T17:54:37-07:00,0,0
style.css,30,css,019054d9,Haoshuo Bi,2025-10-08,22:05:31,-07:00,2025-10-08T22:05:31-07:00,0,0
style.css,31,css,019054d9,Haoshuo Bi,2025-10-08,22:05:31,-07:00,2025-10-08T22:05:31-07:00,0,0
style.css,32,css,019054d9,Haoshuo Bi,2025-10-08,22:05:31,-07:00,2025-10-08T22:05:31-07:00,0,6
style.css,33,css,effbe46f,Haoshuo Bi,2025-10-08,17:54:37,-07:00,2025-10-08T17:54:37-07:00,0,4
style.css,34,css,019054d9,Haoshuo Bi,2025-10-08,22:05:31,-07:00,2025-10-08T22:05:31-07:00,1,6
style.css,35,css,effbe46f,Haoshuo Bi,2025-10-08,17:54:37,-07:00,2025-10-08T17:54:37-07:00,1,17
style.css,36,css,effbe46f,Haoshuo Bi,2025-10-08,17:54:37,-07:00,2025-10-08T17:54:37-07:00,1,20
style.css,37,css,effbe46f,Haoshuo Bi,2025-10-08,17:54:37,-07:00,2025-10-08T17:54:37-07:00,1,13
style.css,38,css,effbe46f,Haoshuo Bi,2025-10-08,17:54:37,-07:00,2025-10-08T17:54:37-07:00,1,12
style.css,39,css,effbe46f,Haoshuo Bi,2025-10-08,17:54:37,-07:00,2025-10-08T17:54:37-07:00,0,0
style.css,40,css,effbe46f,Haoshuo Bi,2025-10-08,17:54:37,-07:00,2025-10-08T17:54:37-07:00,0,12
style.css,41,css,effbe46f,Haoshuo Bi,2025-10-08,17:54:37,-07:00,2025-10-08T17:54:37-07:00,1,29
style.css,42,css,019054d9,Haoshuo Bi,2025-10-08,22:05:31,-07:00,2025-10-08T22:05:31-07:00,1,19
style.css,43,css,effbe46f,Haoshuo Bi,2025-10-08,17:54:37,-07:00,2025-10-08T17:54:37-07:00,1,15
style.css,44,css,effbe46f,Haoshuo Bi,2025-10-08,17:54:37,-07:00,2025-10-08T17:54:37-07:00,0,0
style.css,45,css,effbe46f,Haoshuo Bi,2025-10-08,17:54:37,-07:00,2025-10-08T17:54:37-07:00,0,10
style.css,46,css,effbe46f,Haoshuo Bi,2025-10-08,17:54:37,-07:00,2025-10-08T17:54:37-07:00,1,38
style.css,47,css,019054d9,Haoshuo Bi,2025-10-08,22:05:31,-07:00,2025-10-08T22:05:31-07:00,1,51
style.css,48,css,effbe46f,Haoshuo Bi,2025-10-08,17:54:37,-07:00,2025-10-08T17:54:37-07:00,0,0
style.css,49,css,a5df0b22,Haoshuo Bi,2025-10-14,21:06:28,-07:00,2025-10-14T21:06:28-07:00,0,3
style.css,50,css,a5df0b22,Haoshuo Bi,2025-10-14,21:06:28,-07:00,2025-10-14T21:06:28-07:00,1,39
style.css,51,css,a5df0b22,Haoshuo Bi,2025-10-14,21:06:28,-07:00,2025-10-14T21:06:28-07:00,1,43
style.css,52,css,a5df0b22,Haoshuo Bi,2025-10-14,21:06:28,-07:00,2025-10-14T21:06:28-07:00,0,16
style.css,53,css,019054d9,Haoshuo Bi,2025-10-08,22:05:31,-07:00,2025-10-08T22:05:31-07:00,0,0
style.css,54,css,a5df0b22,Haoshuo Bi,2025-10-14,21:06:28,-07:00,2025-10-14T21:06:28-07:00,0,11
style.css,55,css,effbe46f,Haoshuo Bi,2025-10-08,17:54:37,-07:00,2025-10-08T17:54:37-07:00,0,40
style.css,56,css,effbe46f,Haoshuo Bi,2025-10-08,17:54:37,-07:00,2025-10-08T17:54:37-07:00,0,0
style.css,57,css,effbe46f,Haoshuo Bi,2025-10-08,17:54:37,-07:00,2025-10-08T17:54:37-07:00,0,4
style.css,58,css,effbe46f,Haoshuo Bi,2025-10-08,17:54:37,-07:00,2025-10-08T17:54:37-07:00,1,12
style.css,59,css,019054d9,Haoshuo Bi,2025-10-08,22:05:31,-07:00,2025-10-08T22:05:31-07:00,1,30
style.css,60,css,019054d9,Haoshuo Bi,2025-10-08,22:05:31,-07:00,2025-10-08T22:05:31-07:00,1,7
style.css,61,css,019054d9,Haoshuo Bi,2025-10-08,22:05:31,-07:00,2025-10-08T22:05:31-07:00,1,15
style.css,62,css,effbe46f,Haoshuo Bi,2025-10-08,17:54:37,-07:00,2025-10-08T17:54:37-07:00,0,0
style.css,63,css,effbe46f,Haoshuo Bi,2025-10-08,17:54:37,-07:00,2025-10-08T17:54:37-07:00,0,0
style.css,64,css,effbe46f,Haoshuo Bi,2025-10-08,17:54:37,-07:00,2025-10-08T17:54:37-07:00,0,5
style.css,65,css,effbe46f,Haoshuo Bi,2025-10-08,17:54:37,-07:00,2025-10-08T17:54:37-07:00,1,12
style.css,66,css,effbe46f,Haoshuo Bi,2025-10-08,17:54:37,-07:00,2025-10-08T17:54:37-07:00,1,29
style.css,67,css,019054d9,Haoshuo Bi,2025-10-08,22:05:31,-07:00,2025-10-08T22:05:31-07:00,1,18
style.css,68,css,effbe46f,Haoshuo Bi,2025-10-08,17:54:37,-07:00,2025-10-08T17:54:37-07:00,1,8
style.css,69,css,effbe46f,Haoshuo Bi,2025-10-08,17:54:37,-07:00,2025-10-08T17:54:37-07:00,0,0
style.css,70,css,effbe46f,Haoshuo Bi,2025-10-08,17:54:37,-07:00,2025-10-08T17:54:37-07:00,0,0
style.css,71,css,effbe46f,Haoshuo Bi,2025-10-08,17:54:37,-07:00,2025-10-08T17:54:37-07:00,0,15
style.css,72,css,effbe46f,Haoshuo Bi,2025-10-08,17:54:37,-07:00,2025-10-08T17:54:37-07:00,1,10
style.css,73,css,effbe46f,Haoshuo Bi,2025-10-08,17:54:37,-07:00,2025-10-08T17:54:37-07:00,1,21
style.css,74,css,effbe46f,Haoshuo Bi,2025-10-08,17:54:37,-07:00,2025-10-08T17:54:37-07:00,0,0
style.css,75,css,effbe46f,Haoshuo Bi,2025-10-08,17:54:37,-07:00,2025-10-08T17:54:37-07:00,0,0
style.css,76,css,effbe46f,Haoshuo Bi,2025-10-08,17:54:37,-07:00,2025-10-08T17:54:37-07:00,0,6
style.css,77,css,effbe46f,Haoshuo Bi,2025-10-08,17:54:37,-07:00,2025-10-08T17:54:37-07:00,1,18
style.css,78,css,effbe46f,Haoshuo Bi,2025-10-08,17:54:37,-07:00,2025-10-08T17:54:37-07:00,1,10
style.css,79,css,effbe46f,Haoshuo Bi,2025-10-08,17:54:37,-07:00,2025-10-08T17:54:37-07:00,0,0
style.css,80,css,019054d9,Haoshuo Bi,2025-10-08,22:05:31,-07:00,2025-10-08T22:05:31-07:00,0,0
style.css,81,css,019054d9,Haoshuo Bi,2025-10-08,22:05:31,-07:00,2025-10-08T22:05:31-07:00,0,0
style.css,82,css,019054d9,Haoshuo Bi,2025-10-08,22:05:31,-07:00,2025-10-08T22:05:31-07:00,0,0
style.css,83,css,019054d9,Haoshuo Bi,2025-10-08,22:05:31,-07:00,2025-10-08T22:05:31-07:00,0,0
style.css,84,css,019054d9,Haoshuo Bi,2025-10-08,22:05:31,-07:00,2025-10-08T22:05:31-07:00,0,11
style.css,85,css,019054d9,Haoshuo Bi,2025-10-08,22:05:31,-07:00,2025-10-08T22:05:31-07:00,0,9
style.css,86,css,019054d9,Haoshuo Bi,2025-10-08,22:05:31,-07:00,2025-10-08T22:05:31-07:00,1,12
style.css,87,css,a5df0b22,Haoshuo Bi,2025-10-14,21:06:28,-07:00,2025-10-14T21:06:28-07:00,1,58
style.css,88,css,a5df0b22,Haoshuo Bi,2025-10-14,21:06:28,-07:00,2025-10-14T21:06:28-07:00,1,7
style.css,89,css,a5df0b22,Haoshuo Bi,2025-10-14,21:06:28,-07:00,2025-10-14T21:06:28-07:00,1,12
style.css,90,css,019054d9,Haoshuo Bi,2025-10-08,22:05:31,-07:00,2025-10-08T22:05:31-07:00,0,0
style.css,91,css,019054d9,Haoshuo Bi,2025-10-08,22:05:31,-07:00,2025-10-08T22:05:31-07:00,0,0
style.css,92,css,019054d9,Haoshuo Bi,2025-10-08,22:05:31,-07:00,2025-10-08T22:05:31-07:00,0,0
style.css,93,css,019054d9,Haoshuo Bi,2025-10-08,22:05:31,-07:00,2025-10-08T22:05:31-07:00,0,19
style.css,94,css,019054d9,Haoshuo Bi,2025-10-08,22:05:31,-07:00,2025-10-08T22:05:31-07:00,1,12
style.css,95,css,a5df0b22,Haoshuo Bi,2025-10-14,21:06:28,-07:00,2025-10-14T21:06:28-07:00,1,26
style.css,96,css,a5df0b22,Haoshuo Bi,2025-10-14,21:06:28,-07:00,2025-10-14T21:06:28-07:00,1,15
style.css,97,css,a5df0b22,Haoshuo Bi,2025-10-14,21:06:28,-07:00,2025-10-14T21:06:28-07:00,1,8
style.css,98,css,019054d9,Haoshuo Bi,2025-10-08,22:05:31,-07:00,2025-10-08T22:05:31-07:00,0,0
style.css,99,css,019054d9,Haoshuo Bi,2025-10-08,22:05:31,-07:00,2025-10-08T22:05:31-07:00,0,0
style.css,100,css,019054d9,Haoshuo Bi,2025-10-08,22:05:31,-07:00,2025-10-08T22:05:31-07:00,0,10
style.css,101,css,019054d9,Haoshuo Bi,2025-10-08,22:05:31,-07:00,2025-10-08T22:05:31-07:00,0,12
style.css,102,css,a5df0b22,Haoshuo Bi,2025-10-14,21:06:28,-07:00,2025-10-14T21:06:28-07:00,1,8
style.css,103,css,019054d9,Haoshuo Bi,2025-10-08,22:05:31,-07:00,2025-10-08T22:05:31-07:00,0,0
style.css,104,css,019054d9,Haoshuo Bi,2025-10-08,22:05:31,-07:00,2025-10-08T22:05:31-07:00,0,0
style.css,105,css,019054d9,Haoshuo Bi,2025-10-08,22:05:31,-07:00,2025-10-08T22:05:31-07:00,0,13
style.css,106,css,019054d9,Haoshuo Bi,2025-10-08,22:05:31,-07:00,2025-10-08T22:05:31-07:00,1,10
style.css,107,css,019054d9,Haoshuo Bi,2025-10-08,22:05:31,-07:00,2025-10-08T22:05:31-07:00,1,11
style.css,108,css,019054d9,Haoshuo Bi,2025-10-08,22:05:31,-07:00,2025-10-08T22:05:31-07:00,1,13
style.css,109,css,019054d9,Haoshuo Bi,2025-10-08,22:05:31,-07:00,2025-10-08T22:05:31-07:00,0,0
style.css,110,css,019054d9,Haoshuo Bi,2025-10-08,22:05:31,-07:00,2025-10-08T22:05:31-07:00,0,0
style.css,111,css,019054d9,Haoshuo Bi,2025-10-08,22:05:31,-07:00,2025-10-08T22:05:31-07:00,0,22
style.css,112,css,019054d9,Haoshuo Bi,2025-10-08,22:05:31,-07:00,2025-10-08T22:05:31-07:00,1,15
style.css,113,css,019054d9,Haoshuo Bi,2025-10-08,22:05:31,-07:00,2025-10-08T22:05:31-07:00,1,17
style.css,114,css,019054d9,Haoshuo Bi,2025-10-08,22:05:31,-07:00,2025-10-08T22:05:31-07:00,0,0
style.css,115,css,019054d9,Haoshuo Bi,2025-10-08,22:05:31,-07:00,2025-10-08T22:05:31-07:00,0,0
style.css,116,css,019054d9,Haoshuo Bi,2025-10-08,22:05:31,-07:00,2025-10-08T22:05:31-07:00,0,12
style.css,117,css,019054d9,Haoshuo Bi,2025-10-08,22:05:31,-07:00,2025-10-08T22:05:31-07:00,0,2
style.css,118,css,019054d9,Haoshuo Bi,2025-10-08,22:05:31,-07:00,2025-10-08T22:05:31-07:00,1,14
style.css,119,css,019054d9,Haoshuo Bi,2025-10-08,22:05:31,-07:00,2025-10-08T22:05:31-07:00,0,0
style.css,120,css,019054d9,Haoshuo Bi,2025-10-08,22:05:31,-07:00,2025-10-08T22:05:31-07:00,0,0
style.css,121,css,019054d9,Haoshuo Bi,2025-10-08,22:05:31,-07:00,2025-10-08T22:05:31-07:00,0,11
style.css,122,css,019054d9,Haoshuo Bi,2025-10-08,22:05:31,-07:00,2025-10-08T22:05:31-07:00,1,16
style.css,123,css,019054d9,Haoshuo Bi,2025-10-08,22:05:31,-07:00,2025-10-08T22:05:31-07:00,0,0
style.css,124,css,019054d9,Haoshuo Bi,2025-10-08,22:05:31,-07:00,2025-10-08T22:05:31-07:00,0,0
style.css,125,css,019054d9,Haoshuo Bi,2025-10-08,22:05:31,-07:00,2025-10-08T22:05:31-07:00,0,0
style.css,126,css,019054d9,Haoshuo Bi,2025-10-08,22:05:31,-07:00,2025-10-08T22:05:31-07:00,0,0
style.css,127,css,019054d9,Haoshuo Bi,2025-10-08,22:05:31,-07:00,2025-10-08T22:05:31-07:00,0,4
style.css,128,css,019054d9,Haoshuo Bi,2025-10-08,22:05:31,-07:00,2025-10-08T22:05:31-07:00,0,6
style.css,129,css,019054d9,Haoshuo Bi,2025-10-08,22:05:31,-07:00,2025-10-08T22:05:31-07:00,1,12
style.css,130,css,019054d9,Haoshuo Bi,2025-10-08,22:05:31,-07:00,2025-10-08T22:05:31-07:00,1,29
style.css,131,css,019054d9,Haoshuo Bi,2025-10-08,22:05:31,-07:00,2025-10-08T22:05:31-07:00,1,7
style.css,132,css,019054d9,Haoshuo Bi,2025-10-08,22:05:31,-07:00,2025-10-08T22:05:31-07:00,1,16
style.css,133,css,019054d9,Haoshuo Bi,2025-10-08,22:05:31,-07:00,2025-10-08T22:05:31-07:00,0,0
style.css,134,css,019054d9,Haoshuo Bi,2025-10-08,22:05:31,-07:00,2025-10-08T22:05:31-07:00,0,14
style.css,135,css,019054d9,Haoshuo Bi,2025-10-08,22:05:31,-07:00,2025-10-08T22:05:31-07:00,1,21
style.css,136,css,019054d9,Haoshuo Bi,2025-10-08,22:05:31,-07:00,2025-10-08T22:05:31-07:00,1,11
style.css,137,css,019054d9,Haoshuo Bi,2025-10-08,22:05:31,-07:00,2025-10-08T22:05:31-07:00,1,18
style.css,138,css,019054d9,Haoshuo Bi,2025-10-08,22:05:31,-07:00,2025-10-08T22:05:31-07:00,0,0
style.css,139,css,a5df0b22,Haoshuo Bi,2025-10-14,21:06:28,-07:00,2025-10-14T21:06:28-07:00,0,0
style.css,140,css,a5df0b22,Haoshuo Bi,2025-10-14,21:06:28,-07:00,2025-10-14T21:06:28-07:00,0,12
style.css,141,css,6044869e,Haoshuo Bi,2025-10-14,21:15:34,-07:00,2025-10-14T21:15:34-07:00,0,24
style.css,142,css,6044869e,Haoshuo Bi,2025-10-14,21:15:34,-07:00,2025-10-14T21:15:34-07:00,0,12
style.css,143,css,6044869e,Haoshuo Bi,2025-10-14,21:15:34,-07:00,2025-10-14T21:15:34-07:00,1,38
style.css,144,css,a5df0b22,Haoshuo Bi,2025-10-14,21:06:28,-07:00,2025-10-14T21:06:28-07:00,1,8
style.css,145,css,a5df0b22,Haoshuo Bi,2025-10-14,21:06:28,-07:00,2025-10-14T21:06:28-07:00,1,10
style.css,146,css,a5df0b22,Haoshuo Bi,2025-10-14,21:06:28,-07:00,2025-10-14T21:06:28-07:00,1,13
style.css,147,css,a5df0b22,Haoshuo Bi,2025-10-14,21:06:28,-07:00,2025-10-14T21:06:28-07:00,1,19
style.css,148,css,6044869e,Haoshuo Bi,2025-10-14,21:15:34,-07:00,2025-10-14T21:15:34-07:00,1,12
style.css,149,css,a5df0b22,Haoshuo Bi,2025-10-14,21:06:28,-07:00,2025-10-14T21:06:28-07:00,0,0
style.css,150,css,6044869e,Haoshuo Bi,2025-10-14,21:15:34,-07:00,2025-10-14T21:15:34-07:00,0,19
style.css,151,css,6044869e,Haoshuo Bi,2025-10-14,21:15:34,-07:00,2025-10-14T21:15:34-07:00,1,19
style.css,152,css,36cf8d9e,Haoshuo Bi,2025-10-31,15:55:54,-07:00,2025-10-31T15:55:54-07:00,1,46
style.css,153,css,6044869e,Haoshuo Bi,2025-10-14,21:15:34,-07:00,2025-10-14T21:15:34-07:00,1,39
style.css,154,css,6044869e,Haoshuo Bi,2025-10-14,21:15:34,-07:00,2025-10-14T21:15:34-07:00,0,0
style.css,155,css,6044869e,Haoshuo Bi,2025-10-14,21:15:34,-07:00,2025-10-14T21:15:34-07:00,0,0
style.css,156,css,d93790da,Haoshuo Bi,2025-10-24,19:13:29,-07:00,2025-10-24T19:13:29-07:00,0,42
style.css,157,css,d93790da,Haoshuo Bi,2025-10-24,19:13:29,-07:00,2025-10-24T19:13:29-07:00,0,14
style.css,158,css,d93790da,Haoshuo Bi,2025-10-24,19:13:29,-07:00,2025-10-24T19:13:29-07:00,1,15
style.css,159,css,d93790da,Haoshuo Bi,2025-10-24,19:13:29,-07:00,2025-10-24T19:13:29-07:00,0,0
style.css,160,css,d93790da,Haoshuo Bi,2025-10-24,19:13:29,-07:00,2025-10-24T19:13:29-07:00,0,0
style.css,161,css,d93790da,Haoshuo Bi,2025-10-24,19:13:29,-07:00,2025-10-24T19:13:29-07:00,0,18
style.css,162,css,d93790da,Haoshuo Bi,2025-10-24,19:13:29,-07:00,2025-10-24T19:13:29-07:00,0,17
style.css,163,css,d93790da,Haoshuo Bi,2025-10-24,19:13:29,-07:00,2025-10-24T19:13:29-07:00,1,36
style.css,164,css,d93790da,Haoshuo Bi,2025-10-24,19:13:29,-07:00,2025-10-24T19:13:29-07:00,0,0
style.css,165,css,d93790da,Haoshuo Bi,2025-10-24,19:13:29,-07:00,2025-10-24T19:13:29-07:00,0,0
style.css,166,css,d93790da,Haoshuo Bi,2025-10-24,19:13:29,-07:00,2025-10-24T19:13:29-07:00,0,17
style.css,167,css,d93790da,Haoshuo Bi,2025-10-24,19:13:29,-07:00,2025-10-24T19:13:29-07:00,1,12
style.css,168,css,d93790da,Haoshuo Bi,2025-10-24,19:13:29,-07:00,2025-10-24T19:13:29-07:00,1,36
style.css,169,css,d93790da,Haoshuo Bi,2025-10-24,19:13:29,-07:00,2025-10-24T19:13:29-07:00,1,15
style.css,170,css,d93790da,Haoshuo Bi,2025-10-24,19:13:29,-07:00,2025-10-24T19:13:29-07:00,1,13
style.css,171,css,d93790da,Haoshuo Bi,2025-10-24,19:13:29,-07:00,2025-10-24T19:13:29-07:00,1,33
style.css,172,css,d93790da,Haoshuo Bi,2025-10-24,19:13:29,-07:00,2025-10-24T19:13:29-07:00,1,41
style.css,173,css,d93790da,Haoshuo Bi,2025-10-24,19:13:29,-07:00,2025-10-24T19:13:29-07:00,0,0
style.css,174,css,d93790da,Haoshuo Bi,2025-10-24,19:13:29,-07:00,2025-10-24T19:13:29-07:00,0,0
style.css,175,css,d93790da,Haoshuo Bi,2025-10-24,19:13:29,-07:00,2025-10-24T19:13:29-07:00,0,16
style.css,176,css,d93790da,Haoshuo Bi,2025-10-24,19:13:29,-07:00,2025-10-24T19:13:29-07:00,0,17
style.css,177,css,d93790da,Haoshuo Bi,2025-10-24,19:13:29,-07:00,2025-10-24T19:13:29-07:00,1,42
style.css,178,css,d93790da,Haoshuo Bi,2025-10-24,19:13:29,-07:00,2025-10-24T19:13:29-07:00,0,0
style.css,179,css,d93790da,Haoshuo Bi,2025-10-24,19:13:29,-07:00,2025-10-24T19:13:29-07:00,0,0
style.css,180,css,d93790da,Haoshuo Bi,2025-10-24,19:13:29,-07:00,2025-10-24T19:13:29-07:00,0,0
style.css,181,css,d93790da,Haoshuo Bi,2025-10-24,19:13:29,-07:00,2025-10-24T19:13:29-07:00,0,25
style.css,182,css,d93790da,Haoshuo Bi,2025-10-24,19:13:29,-07:00,2025-10-24T19:13:29-07:00,0,25
style.css,183,css,d93790da,Haoshuo Bi,2025-10-24,19:13:29,-07:00,2025-10-24T19:13:29-07:00,1,17
style.css,184,css,d93790da,Haoshuo Bi,2025-10-24,19:13:29,-07:00,2025-10-24T19:13:29-07:00,2,36
style.css,185,css,d93790da,Haoshuo Bi,2025-10-24,19:13:29,-07:00,2025-10-24T19:13:29-07:00,1,0
style.css,186,css,d93790da,Haoshuo Bi,2025-10-24,19:13:29,-07:00,2025-10-24T19:13:29-07:00,0,0
style.css,187,css,36cf8d9e,Haoshuo Bi,2025-10-31,15:55:54,-07:00,2025-10-31T15:55:54-07:00,0,0
index.js,1,js,d93790da,Haoshuo Bi,2025-10-24,19:13:29,-07:00,2025-10-24T19:13:29-07:00,0,25
index.js,2,js,d93790da,Haoshuo Bi,2025-10-24,19:13:29,-07:00,2025-10-24T19:13:29-07:00,0,43
index.js,3,js,d93790da,Haoshuo Bi,2025-10-24,19:13:29,-07:00,2025-10-24T19:13:29-07:00,0,71
index.js,4,js,d93790da,Haoshuo Bi,2025-10-24,19:13:29,-07:00,2025-10-24T19:13:29-07:00,0,0
index.js,5,js,d93790da,Haoshuo Bi,2025-10-24,19:13:29,-07:00,2025-10-24T19:13:29-07:00,0,29
index.js,6,js,d93790da,Haoshuo Bi,2025-10-24,19:13:29,-07:00,2025-10-24T19:13:29-07:00,0,49
index.js,7,js,d93790da,Haoshuo Bi,2025-10-24,19:13:29,-07:00,2025-10-24T19:13:29-07:00,0,0
index.js,8,js,d93790da,Haoshuo Bi,2025-10-24,19:13:29,-07:00,2025-10-24T19:13:29-07:00,0,33
index.js,9,js,d93790da,Haoshuo Bi,2025-10-24,19:13:29,-07:00,2025-10-24T19:13:29-07:00,0,55
index.js,10,js,d93790da,Haoshuo Bi,2025-10-24,19:13:29,-07:00,2025-10-24T19:13:29-07:00,0,0
index.js,11,js,d93790da,Haoshuo Bi,2025-10-24,19:13:29,-07:00,2025-10-24T19:13:29-07:00,0,37
index.js,12,js,d93790da,Haoshuo Bi,2025-10-24,19:13:29,-07:00,2025-10-24T19:13:29-07:00,0,55
index.js,13,js,d93790da,Haoshuo Bi,2025-10-24,19:13:29,-07:00,2025-10-24T19:13:29-07:00,0,0
index.js,14,js,d93790da,Haoshuo Bi,2025-10-24,19:13:29,-07:00,2025-10-24T19:13:29-07:00,0,38
index.js,15,js,d93790da,Haoshuo Bi,2025-10-24,19:13:29,-07:00,2025-10-24T19:13:29-07:00,0,17
index.js,16,js,d93790da,Haoshuo Bi,2025-10-24,19:13:29,-07:00,2025-10-24T19:13:29-07:00,1,41
index.js,17,js,d93790da,Haoshuo Bi,2025-10-24,19:13:29,-07:00,2025-10-24T19:13:29-07:00,0,0
index.js,18,js,d93790da,Haoshuo Bi,2025-10-24,19:13:29,-07:00,2025-10-24T19:13:29-07:00,0,0
index.js,19,js,d93790da,Haoshuo Bi,2025-10-24,19:13:29,-07:00,2025-10-24T19:13:29-07:00,0,48
index.js,20,js,d93790da,Haoshuo Bi,2025-10-24,19:13:29,-07:00,2025-10-24T19:13:29-07:00,0,60
index.js,21,js,d93790da,Haoshuo Bi,2025-10-24,19:13:29,-07:00,2025-10-24T19:13:29-07:00,0,0
index.js,22,js,d93790da,Haoshuo Bi,2025-10-24,19:13:29,-07:00,2025-10-24T19:13:29-07:00,0,45
index.js,23,js,d93790da,Haoshuo Bi,2025-10-24,19:13:29,-07:00,2025-10-24T19:13:29-07:00,0,17
index.js,24,js,d93790da,Haoshuo Bi,2025-10-24,19:13:29,-07:00,2025-10-24T19:13:29-07:00,1,46
index.js,25,js,d93790da,Haoshuo Bi,2025-10-24,19:13:29,-07:00,2025-10-24T19:13:29-07:00,1,9
index.js,26,js,d93790da,Haoshuo Bi,2025-10-24,19:13:29,-07:00,2025-10-24T19:13:29-07:00,2,37
index.js,27,js,d93790da,Haoshuo Bi,2025-10-24,19:13:29,-07:00,2025-10-24T19:13:29-07:00,2,24
index.js,28,js,d93790da,Haoshuo Bi,2025-10-24,19:13:29,-07:00,2025-10-24T19:13:29-07:00,3,21
index.js,29,js,d93790da,Haoshuo Bi,2025-10-24,19:13:29,-07:00,2025-10-24T19:13:29-07:00,3,2
index.js,30,js,d93790da,Haoshuo Bi,2025-10-24,19:13:29,-07:00,2025-10-24T19:13:29-07:00,4,49
index.js,31,js,d93790da,Haoshuo Bi,2025-10-24,19:13:29,-07:00,2025-10-24T19:13:29-07:00,4,49
index.js,32,js,d93790da,Haoshuo Bi,2025-10-24,19:13:29,-07:00,2025-10-24T19:13:29-07:00,4,43
index.js,33,js,d93790da,Haoshuo Bi,2025-10-24,19:13:29,-07:00,2025-10-24T19:13:29-07:00,4,43
index.js,34,js,d93790da,Haoshuo Bi,2025-10-24,19:13:29,-07:00,2025-10-24T19:13:29-07:00,3,3
index.js,35,js,d93790da,Haoshuo Bi,2025-10-24,19:13:29,-07:00,2025-10-24T19:13:29-07:00,2,0
index.js,36,js,d93790da,Haoshuo Bi,2025-10-24,19:13:29,-07:00,2025-10-24T19:13:29-07:00,1,6
index.js,37,js,d93790da,Haoshuo Bi,2025-10-24,19:13:29,-07:00,2025-10-24T19:13:29-07:00,2,11
index.js,38,js,d93790da,Haoshuo Bi,2025-10-24,19:13:29,-07:00,2025-10-24T19:13:29-07:00,2,55
index.js,39,js,d93790da,Haoshuo Bi,2025-10-24,19:13:29,-07:00,2025-10-24T19:13:29-07:00,1,0
index.js,40,js,d93790da,Haoshuo Bi,2025-10-24,19:13:29,-07:00,2025-10-24T19:13:29-07:00,0,0
index.html,1,html,6a923909,Haoshuo Bi,2025-09-30,10:23:22,-07:00,2025-09-30T10:23:22-07:00,0,13
index.html,2,html,6a923909,Haoshuo Bi,2025-09-30,10:23:22,-07:00,2025-09-30T10:23:22-07:00,0,14
index.html,3,html,6a923909,Haoshuo Bi,2025-09-30,10:23:22,-07:00,2025-09-30T10:23:22-07:00,0,4
index.html,4,html,6a923909,Haoshuo Bi,2025-09-30,10:23:22,-07:00,2025-09-30T10:23:22-07:00,2,20
index.html,5,html,6a923909,Haoshuo Bi,2025-09-30,10:23:22,-07:00,2025-09-30T10:23:22-07:00,2,68
index.html,6,html,6a923909,Haoshuo Bi,2025-09-30,10:23:22,-07:00,2025-09-30T10:23:22-07:00,2,29
index.html,7,html,dbdcb0a7,Haoshuo Bi,2025-09-30,11:40:00,-07:00,2025-09-30T11:40:00-07:00,2,38
index.html,8,html,6a923909,Haoshuo Bi,2025-09-30,10:23:22,-07:00,2025-09-30T10:23:22-07:00,0,5
index.html,9,html,6a923909,Haoshuo Bi,2025-09-30,10:23:22,-07:00,2025-09-30T10:23:22-07:00,0,4
index.html,10,html,a5df0b22,Haoshuo Bi,2025-10-14,21:06:28,-07:00,2025-10-14T21:06:28-07:00,2,8
index.html,11,html,93505296,Haoshuo Bi,2025-09-30,20:49:56,-07:00,2025-09-30T20:49:56-07:00,4,19
index.html,12,html,93505296,Haoshuo Bi,2025-09-30,20:49:56,-07:00,2025-09-30T20:49:56-07:00,4,28
index.html,13,html,93505296,Haoshuo Bi,2025-09-30,20:49:56,-07:00,2025-09-30T20:49:56-07:00,4,28
index.html,14,html,0a3b494c,Haoshuo Bi,2025-09-30,23:35:08,-07:00,2025-09-30T23:35:08-07:00,4,26
index.html,15,html,93505296,Haoshuo Bi,2025-09-30,20:49:56,-07:00,2025-09-30T20:49:56-07:00,4,78
index.html,16,html,a5df0b22,Haoshuo Bi,2025-10-14,21:06:28,-07:00,2025-10-14T21:06:28-07:00,2,8
index.html,17,html,6a923909,Haoshuo Bi,2025-09-30,10:23:22,-07:00,2025-09-30T10:23:22-07:00,2,17
index.html,18,html,975b9ccd,Haoshuo Bi,2025-09-30,10:34:02,-07:00,2025-09-30T10:34:02-07:00,2,109
index.html,19,html,8410c724,Haoshuo Bi,2025-10-02,16:11:09,-07:00,2025-10-02T16:11:09-07:00,2,68
index.html,20,html,d93790da,Haoshuo Bi,2025-10-24,19:13:29,-07:00,2025-10-24T19:13:29-07:00,2,52
index.html,21,html,d93790da,Haoshuo Bi,2025-10-24,19:13:29,-07:00,2025-10-24T19:13:29-07:00,2,22
index.html,22,html,d93790da,Haoshuo Bi,2025-10-24,19:13:29,-07:00,2025-10-24T19:13:29-07:00,2,55
index.html,23,html,d93790da,Haoshuo Bi,2025-10-24,19:13:29,-07:00,2025-10-24T19:13:29-07:00,0,0
index.html,24,html,d93790da,Haoshuo Bi,2025-10-24,19:13:29,-07:00,2025-10-24T19:13:29-07:00,2,52
index.html,25,html,d93790da,Haoshuo Bi,2025-10-24,19:13:29,-07:00,2025-10-24T19:13:29-07:00,2,74
index.html,26,html,d93790da,Haoshuo Bi,2025-10-24,19:13:29,-07:00,2025-10-24T19:13:29-07:00,0,0
index.html,27,html,d93790da,Haoshuo Bi,2025-10-24,19:13:29,-07:00,2025-10-24T19:13:29-07:00,2,29
index.html,28,html,d93790da,Haoshuo Bi,2025-10-24,19:13:29,-07:00,2025-10-24T19:13:29-07:00,2,45
index.html,29,html,d93790da,Haoshuo Bi,2025-10-24,19:13:29,-07:00,2025-10-24T19:13:29-07:00,2,50
index.html,30,html,a5df0b22,Haoshuo Bi,2025-10-14,21:06:28,-07:00,2025-10-14T21:06:28-07:00,0,0
index.html,31,html,6a923909,Haoshuo Bi,2025-09-30,10:23:22,-07:00,2025-09-30T10:23:22-07:00,0,5
index.html,32,html,88cdcfc4,Haoshuo Bi,2025-09-30,10:41:48,-07:00,2025-09-30T10:41:48-07:00,0,5
global.js,1,js,a5df0b22,Haoshuo Bi,2025-10-14,21:06:28,-07:00,2025-10-14T21:06:28-07:00,0,13
global.js,2,js,a5df0b22,Haoshuo Bi,2025-10-14,21:06:28,-07:00,2025-10-14T21:06:28-07:00,0,25
global.js,3,js,a5df0b22,Haoshuo Bi,2025-10-14,21:06:28,-07:00,2025-10-14T21:06:28-07:00,0,0
global.js,4,js,a5df0b22,Haoshuo Bi,2025-10-14,21:06:28,-07:00,2025-10-14T21:06:28-07:00,0,48
global.js,5,js,a5df0b22,Haoshuo Bi,2025-10-14,21:06:28,-07:00,2025-10-14T21:06:28-07:00,1,52
global.js,6,js,a5df0b22,Haoshuo Bi,2025-10-14,21:06:28,-07:00,2025-10-14T21:06:28-07:00,0,0
global.js,7,js,a5df0b22,Haoshuo Bi,2025-10-14,21:06:28,-07:00,2025-10-14T21:06:28-07:00,0,14
global.js,8,js,a5df0b22,Haoshuo Bi,2025-10-14,21:06:28,-07:00,2025-10-14T21:06:28-07:00,0,62
global.js,9,js,a5df0b22,Haoshuo Bi,2025-10-14,21:06:28,-07:00,2025-10-14T21:06:28-07:00,0,0
global.js,10,js,a5df0b22,Haoshuo Bi,2025-10-14,21:06:28,-07:00,2025-10-14T21:06:28-07:00,0,32
global.js,11,js,a5df0b22,Haoshuo Bi,2025-10-14,21:06:28,-07:00,2025-10-14T21:06:28-07:00,1,65
global.js,12,js,a5df0b22,Haoshuo Bi,2025-10-14,21:06:28,-07:00,2025-10-14T21:06:28-07:00,0,0
global.js,13,js,a5df0b22,Haoshuo Bi,2025-10-14,21:06:28,-07:00,2025-10-14T21:06:28-07:00,0,0
global.js,14,js,a5df0b22,Haoshuo Bi,2025-10-14,21:06:28,-07:00,2025-10-14T21:06:28-07:00,0,16
global.js,15,js,a5df0b22,Haoshuo Bi,2025-10-14,21:06:28,-07:00,2025-10-14T21:06:28-07:00,1,35
global.js,16,js,a5df0b22,Haoshuo Bi,2025-10-14,21:06:28,-07:00,2025-10-14T21:06:28-07:00,0,0
global.js,17,js,a5df0b22,Haoshuo Bi,2025-10-14,21:06:28,-07:00,2025-10-14T21:06:28-07:00,0,0
global.js,18,js,a5df0b22,Haoshuo Bi,2025-10-14,21:06:28,-07:00,2025-10-14T21:06:28-07:00,0,0
global.js,19,js,a5df0b22,Haoshuo Bi,2025-10-14,21:06:28,-07:00,2025-10-14T21:06:28-07:00,0,4
global.js,20,js,a5df0b22,Haoshuo Bi,2025-10-14,21:06:28,-07:00,2025-10-14T21:06:28-07:00,0,13
global.js,21,js,a5df0b22,Haoshuo Bi,2025-10-14,21:06:28,-07:00,2025-10-14T21:06:28-07:00,0,11
global.js,22,js,a5df0b22,Haoshuo Bi,2025-10-14,21:06:28,-07:00,2025-10-14T21:06:28-07:00,1,25
global.js,23,js,a5df0b22,Haoshuo Bi,2025-10-14,21:06:28,-07:00,2025-10-14T21:06:28-07:00,1,36
global.js,24,js,a5df0b22,Haoshuo Bi,2025-10-14,21:06:28,-07:00,2025-10-14T21:06:28-07:00,1,36
global.js,25,js,a5df0b22,Haoshuo Bi,2025-10-14,21:06:28,-07:00,2025-10-14T21:06:28-07:00,1,34
global.js,26,js,a5df0b22,Haoshuo Bi,2025-10-14,21:06:28,-07:00,2025-10-14T21:06:28-07:00,1,55
global.js,27,js,a5df0b22,Haoshuo Bi,2025-10-14,21:06:28,-07:00,2025-10-14T21:06:28-07:00,1,0
global.js,28,js,a5df0b22,Haoshuo Bi,2025-10-14,21:06:28,-07:00,2025-10-14T21:06:28-07:00,0,0
global.js,29,js,a5df0b22,Haoshuo Bi,2025-10-14,21:06:28,-07:00,2025-10-14T21:06:28-07:00,0,0
global.js,30,js,a5df0b22,Haoshuo Bi,2025-10-14,21:06:28,-07:00,2025-10-14T21:06:28-07:00,0,16
global.js,31,js,a5df0b22,Haoshuo Bi,2025-10-14,21:06:28,-07:00,2025-10-14T21:06:28-07:00,0,15
global.js,32,js,a5df0b22,Haoshuo Bi,2025-10-14,21:06:28,-07:00,2025-10-14T21:06:28-07:00,1,68
global.js,33,js,a5df0b22,Haoshuo Bi,2025-10-14,21:06:28,-07:00,2025-10-14T21:06:28-07:00,2,3
global.js,34,js,a5df0b22,Haoshuo Bi,2025-10-14,21:06:28,-07:00,2025-10-14T21:06:28-07:00,2,17
global.js,35,js,a5df0b22,Haoshuo Bi,2025-10-14,21:06:28,-07:00,2025-10-14T21:06:28-07:00,0,0
global.js,36,js,a5df0b22,Haoshuo Bi,2025-10-14,21:06:28,-07:00,2025-10-14T21:06:28-07:00,0,40
global.js,37,js,a5df0b22,Haoshuo Bi,2025-10-14,21:06:28,-07:00,2025-10-14T21:06:28-07:00,0,25
global.js,38,js,a5df0b22,Haoshuo Bi,2025-10-14,21:06:28,-07:00,2025-10-14T21:06:28-07:00,0,0
global.js,39,js,a5df0b22,Haoshuo Bi,2025-10-14,21:06:28,-07:00,2025-10-14T21:06:28-07:00,0,20
global.js,40,js,a5df0b22,Haoshuo Bi,2025-10-14,21:06:28,-07:00,2025-10-14T21:06:28-07:00,1,14
global.js,41,js,a5df0b22,Haoshuo Bi,2025-10-14,21:06:28,-07:00,2025-10-14T21:06:28-07:00,1,49
global.js,42,js,a5df0b22,Haoshuo Bi,2025-10-14,21:06:28,-07:00,2025-10-14T21:06:28-07:00,0,0
global.js,43,js,a5df0b22,Haoshuo Bi,2025-10-14,21:06:28,-07:00,2025-10-14T21:06:28-07:00,1,36
global.js,44,js,a5df0b22,Haoshuo Bi,2025-10-14,21:06:28,-07:00,2025-10-14T21:06:28-07:00,1,11
global.js,45,js,a5df0b22,Haoshuo Bi,2025-10-14,21:06:28,-07:00,2025-10-14T21:06:28-07:00,1,22
global.js,46,js,a5df0b22,Haoshuo Bi,2025-10-14,21:06:28,-07:00,2025-10-14T21:06:28-07:00,0,0
global.js,47,js,a5df0b22,Haoshuo Bi,2025-10-14,21:06:28,-07:00,2025-10-14T21:06:28-07:00,1,6
global.js,48,js,a5df0b22,Haoshuo Bi,2025-10-14,21:06:28,-07:00,2025-10-14T21:06:28-07:00,1,52
global.js,49,js,a5df0b22,Haoshuo Bi,2025-10-14,21:06:28,-07:00,2025-10-14T21:06:28-07:00,1,48
global.js,50,js,a5df0b22,Haoshuo Bi,2025-10-14,21:06:28,-07:00,2025-10-14T21:06:28-07:00,0,0
global.js,51,js,a5df0b22,Haoshuo Bi,2025-10-14,21:06:28,-07:00,2025-10-14T21:06:28-07:00,1,6
global.js,52,js,a5df0b22,Haoshuo Bi,2025-10-14,21:06:28,-07:00,2025-10-14T21:06:28-07:00,1,17
global.js,53,js,a5df0b22,Haoshuo Bi,2025-10-14,21:06:28,-07:00,2025-10-14T21:06:28-07:00,2,8
global.js,54,js,a5df0b22,Haoshuo Bi,2025-10-14,21:06:28,-07:00,2025-10-14T21:06:28-07:00,2,58
global.js,55,js,a5df0b22,Haoshuo Bi,2025-10-14,21:06:28,-07:00,2025-10-14T21:06:28-07:00,1,0
global.js,56,js,a5df0b22,Haoshuo Bi,2025-10-14,21:06:28,-07:00,2025-10-14T21:06:28-07:00,0,0
global.js,57,js,a5df0b22,Haoshuo Bi,2025-10-14,21:06:28,-07:00,2025-10-14T21:06:28-07:00,1,12
global.js,58,js,a5df0b22,Haoshuo Bi,2025-10-14,21:06:28,-07:00,2025-10-14T21:06:28-07:00,0,0
global.js,59,js,a5df0b22,Haoshuo Bi,2025-10-14,21:06:28,-07:00,2025-10-14T21:06:28-07:00,0,8
global.js,60,js,a5df0b22,Haoshuo Bi,2025-10-14,21:06:28,-07:00,2025-10-14T21:06:28-07:00,0,31
global.js,61,js,a5df0b22,Haoshuo Bi,2025-10-14,21:06:28,-07:00,2025-10-14T21:06:28-07:00,1,11
global.js,62,js,a5df0b22,Haoshuo Bi,2025-10-14,21:06:28,-07:00,2025-10-14T21:06:28-07:00,1,0
global.js,63,js,a5df0b22,Haoshuo Bi,2025-10-14,21:06:28,-07:00,2025-10-14T21:06:28-07:00,1,26
global.js,64,js,a5df0b22,Haoshuo Bi,2025-10-14,21:06:28,-07:00,2025-10-14T21:06:28-07:00,2,4
global.js,65,js,a5df0b22,Haoshuo Bi,2025-10-14,21:06:28,-07:00,2025-10-14T21:06:28-07:00,2,24
global.js,66,js,a5df0b22,Haoshuo Bi,2025-10-14,21:06:28,-07:00,2025-10-14T21:06:28-07:00,3,43
global.js,67,js,a5df0b22,Haoshuo Bi,2025-10-14,21:06:28,-07:00,2025-10-14T21:06:28-07:00,3,34
global.js,68,js,a5df0b22,Haoshuo Bi,2025-10-14,21:06:28,-07:00,2025-10-14T21:06:28-07:00,3,32
global.js,69,js,a5df0b22,Haoshuo Bi,2025-10-14,21:06:28,-07:00,2025-10-14T21:06:28-07:00,2,7
global.js,70,js,a5df0b22,Haoshuo Bi,2025-10-14,21:06:28,-07:00,2025-10-14T21:06:28-07:00,1,6
global.js,71,js,a5df0b22,Haoshuo Bi,2025-10-14,21:06:28,-07:00,2025-10-14T21:06:28-07:00,0,0
global.js,72,js,a5df0b22,Haoshuo Bi,2025-10-14,21:06:28,-07:00,2025-10-14T21:06:28-07:00,0,0
global.js,73,js,a5df0b22,Haoshuo Bi,2025-10-14,21:06:28,-07:00,2025-10-14T21:06:28-07:00,0,0
global.js,74,js,a5df0b22,Haoshuo Bi,2025-10-14,21:06:28,-07:00,2025-10-14T21:06:28-07:00,0,14
global.js,75,js,a5df0b22,Haoshuo Bi,2025-10-14,21:06:28,-07:00,2025-10-14T21:06:28-07:00,0,53
global.js,76,js,a5df0b22,Haoshuo Bi,2025-10-14,21:06:28,-07:00,2025-10-14T21:06:28-07:00,0,0
global.js,77,js,a5df0b22,Haoshuo Bi,2025-10-14,21:06:28,-07:00,2025-10-14T21:06:28-07:00,0,30
global.js,78,js,a5df0b22,Haoshuo Bi,2025-10-14,21:06:28,-07:00,2025-10-14T21:06:28-07:00,1,64
global.js,79,js,a5df0b22,Haoshuo Bi,2025-10-14,21:06:28,-07:00,2025-10-14T21:06:28-07:00,1,19
global.js,80,js,a5df0b22,Haoshuo Bi,2025-10-14,21:06:28,-07:00,2025-10-14T21:06:28-07:00,1,31
global.js,81,js,a5df0b22,Haoshuo Bi,2025-10-14,21:06:28,-07:00,2025-10-14T21:06:28-07:00,0,0
global.js,82,js,a5df0b22,Haoshuo Bi,2025-10-14,21:06:28,-07:00,2025-10-14T21:06:28-07:00,0,0
global.js,83,js,a5df0b22,Haoshuo Bi,2025-10-14,21:06:28,-07:00,2025-10-14T21:06:28-07:00,0,34
global.js,84,js,a5df0b22,Haoshuo Bi,2025-10-14,21:06:28,-07:00,2025-10-14T21:06:28-07:00,1,39
global.js,85,js,a5df0b22,Haoshuo Bi,2025-10-14,21:06:28,-07:00,2025-10-14T21:06:28-07:00,0,6
global.js,86,js,a5df0b22,Haoshuo Bi,2025-10-14,21:06:28,-07:00,2025-10-14T21:06:28-07:00,1,71
global.js,87,js,a5df0b22,Haoshuo Bi,2025-10-14,21:06:28,-07:00,2025-10-14T21:06:28-07:00,0,0
global.js,88,js,a5df0b22,Haoshuo Bi,2025-10-14,21:06:28,-07:00,2025-10-14T21:06:28-07:00,0,0
global.js,89,js,a5df0b22,Haoshuo Bi,2025-10-14,21:06:28,-07:00,2025-10-14T21:06:28-07:00,0,39
global.js,90,js,a5df0b22,Haoshuo Bi,2025-10-14,21:06:28,-07:00,2025-10-14T21:06:28-07:00,1,29
global.js,91,js,a5df0b22,Haoshuo Bi,2025-10-14,21:06:28,-07:00,2025-10-14T21:06:28-07:00,0,1
global.js,92,js,d93790da,Haoshuo Bi,2025-10-24,19:13:29,-07:00,2025-10-24T19:13:29-07:00,0,0
global.js,93,js,d93790da,Haoshuo Bi,2025-10-24,19:13:29,-07:00,2025-10-24T19:13:29-07:00,0,0
global.js,94,js,d93790da,Haoshuo Bi,2025-10-24,19:13:29,-07:00,2025-10-24T19:13:29-07:00,0,61
global.js,95,js,d93790da,Haoshuo Bi,2025-10-24,19:13:29,-07:00,2025-10-24T19:13:29-07:00,0,47
global.js,96,js,d93790da,Haoshuo Bi,2025-10-24,19:13:29,-07:00,2025-10-24T19:13:29-07:00,1,37
global.js,97,js,d93790da,Haoshuo Bi,2025-10-24,19:13:29,-07:00,2025-10-24T19:13:29-07:00,0,0
global.js,98,js,d93790da,Haoshuo Bi,2025-10-24,19:13:29,-07:00,2025-10-24T19:13:29-07:00,0,0
global.js,99,js,d93790da,Haoshuo Bi,2025-10-24,19:13:29,-07:00,2025-10-24T19:13:29-07:00,0,37
global.js,100,js,d93790da,Haoshuo Bi,2025-10-24,19:13:29,-07:00,2025-10-24T19:13:29-07:00,0,36
global.js,101,js,d93790da,Haoshuo Bi,2025-10-24,19:13:29,-07:00,2025-10-24T19:13:29-07:00,1,3
global.js,102,js,d93790da,Haoshuo Bi,2025-10-24,19:13:29,-07:00,2025-10-24T19:13:29-07:00,2,32
global.js,103,js,d93790da,Haoshuo Bi,2025-10-24,19:13:29,-07:00,2025-10-24T19:13:29-07:00,2,17
global.js,104,js,d93790da,Haoshuo Bi,2025-10-24,19:13:29,-07:00,2025-10-24T19:13:29-07:00,3,76
global.js,105,js,d93790da,Haoshuo Bi,2025-10-24,19:13:29,-07:00,2025-10-24T19:13:29-07:00,2,0
global.js,106,js,d93790da,Haoshuo Bi,2025-10-24,19:13:29,-07:00,2025-10-24T19:13:29-07:00,2,27
global.js,107,js,d93790da,Haoshuo Bi,2025-10-24,19:13:29,-07:00,2025-10-24T19:13:29-07:00,1,13
global.js,108,js,d93790da,Haoshuo Bi,2025-10-24,19:13:29,-07:00,2025-10-24T19:13:29-07:00,2,57
global.js,109,js,d93790da,Haoshuo Bi,2025-10-24,19:13:29,-07:00,2025-10-24T19:13:29-07:00,2,10
global.js,110,js,d93790da,Haoshuo Bi,2025-10-24,19:13:29,-07:00,2025-10-24T19:13:29-07:00,1,0
global.js,111,js,d93790da,Haoshuo Bi,2025-10-24,19:13:29,-07:00,2025-10-24T19:13:29-07:00,0,0
global.js,112,js,d93790da,Haoshuo Bi,2025-10-24,19:13:29,-07:00,2025-10-24T19:13:29-07:00,0,0
global.js,113,js,d93790da,Haoshuo Bi,2025-10-24,19:13:29,-07:00,2025-10-24T19:13:29-07:00,0,36
global.js,114,js,36cf8d9e,Haoshuo Bi,2025-10-31,15:55:54,-07:00,2025-10-31T15:55:54-07:00,0,42
global.js,115,js,d93790da,Haoshuo Bi,2025-10-24,19:13:29,-07:00,2025-10-24T19:13:29-07:00,0,84
global.js,116,js,d93790da,Haoshuo Bi,2025-10-24,19:13:29,-07:00,2025-10-24T19:13:29-07:00,1,28
global.js,117,js,36cf8d9e,Haoshuo Bi,2025-10-31,15:55:54,-07:00,2025-10-31T15:55:54-07:00,0,0
global.js,118,js,d93790da,Haoshuo Bi,2025-10-24,19:13:29,-07:00,2025-10-24T19:13:29-07:00,1,61
global.js,119,js,d93790da,Haoshuo Bi,2025-10-24,19:13:29,-07:00,2025-10-24T19:13:29-07:00,1,62
global.js,120,js,d93790da,Haoshuo Bi,2025-10-24,19:13:29,-07:00,2025-10-24T19:13:29-07:00,0,0
global.js,121,js,d93790da,Haoshuo Bi,2025-10-24,19:13:29,-07:00,2025-10-24T19:13:29-07:00,1,30
global.js,122,js,d93790da,Haoshuo Bi,2025-10-24,19:13:29,-07:00,2025-10-24T19:13:29-07:00,0,0
global.js,123,js,d93790da,Haoshuo Bi,2025-10-24,19:13:29,-07:00,2025-10-24T19:13:29-07:00,1,64
global.js,124,js,d93790da,Haoshuo Bi,2025-10-24,19:13:29,-07:00,2025-10-24T19:13:29-07:00,2,60
global.js,125,js,d93790da,Haoshuo Bi,2025-10-24,19:13:29,-07:00,2025-10-24T19:13:29-07:00,2,5
global.js,126,js,d93790da,Haoshuo Bi,2025-10-24,19:13:29,-07:00,2025-10-24T19:13:29-07:00,1,0
global.js,127,js,d93790da,Haoshuo Bi,2025-10-24,19:13:29,-07:00,2025-10-24T19:13:29-07:00,0,0
global.js,128,js,d93790da,Haoshuo Bi,2025-10-24,19:13:29,-07:00,2025-10-24T19:13:29-07:00,1,36
global.js,129,js,d93790da,Haoshuo Bi,2025-10-24,19:13:29,-07:00,2025-10-24T19:13:29-07:00,2,48
global.js,130,js,36cf8d9e,Haoshuo Bi,2025-10-31,15:55:54,-07:00,2025-10-31T15:55:54-07:00,2,43
global.js,131,js,36cf8d9e,Haoshuo Bi,2025-10-31,15:55:54,-07:00,2025-10-31T15:55:54-07:00,0,0
global.js,132,js,d93790da,Haoshuo Bi,2025-10-24,19:13:29,-07:00,2025-10-24T19:13:29-07:00,2,41
global.js,133,js,d93790da,Haoshuo Bi,2025-10-24,19:13:29,-07:00,2025-10-24T19:13:29-07:00,2,80
global.js,134,js,d93790da,Haoshuo Bi,2025-10-24,19:13:29,-07:00,2025-10-24T19:13:29-07:00,2,73
global.js,135,js,d93790da,Haoshuo Bi,2025-10-24,19:13:29,-07:00,2025-10-24T19:13:29-07:00,2,38
global.js,136,js,36cf8d9e,Haoshuo Bi,2025-10-31,15:55:54,-07:00,2025-10-31T15:55:54-07:00,2,78
global.js,137,js,36cf8d9e,Haoshuo Bi,2025-10-31,15:55:54,-07:00,2025-10-31T15:55:54-07:00,0,0
global.js,138,js,36cf8d9e,Haoshuo Bi,2025-10-31,15:55:54,-07:00,2025-10-31T15:55:54-07:00,2,26
global.js,139,js,36cf8d9e,Haoshuo Bi,2025-10-31,15:55:54,-07:00,2025-10-31T15:55:54-07:00,2,41
global.js,140,js,36cf8d9e,Haoshuo Bi,2025-10-31,15:55:54,-07:00,2025-10-31T15:55:54-07:00,2,36
global.js,141,js,36cf8d9e,Haoshuo Bi,2025-10-31,15:55:54,-07:00,2025-10-31T15:55:54-07:00,2,19
global.js,142,js,36cf8d9e,Haoshuo Bi,2025-10-31,15:55:54,-07:00,2025-10-31T15:55:54-07:00,0,0
global.js,143,js,36cf8d9e,Haoshuo Bi,2025-10-31,15:55:54,-07:00,2025-10-31T15:55:54-07:00,2,41
global.js,144,js,36cf8d9e,Haoshuo Bi,2025-10-31,15:55:54,-07:00,2025-10-31T15:55:54-07:00,2,66
global.js,145,js,36cf8d9e,Haoshuo Bi,2025-10-31,15:55:54,-07:00,2025-10-31T15:55:54-07:00,2,49
global.js,146,js,36cf8d9e,Haoshuo Bi,2025-10-31,15:55:54,-07:00,2025-10-31T15:55:54-07:00,0,0
global.js,147,js,36cf8d9e,Haoshuo Bi,2025-10-31,15:55:54,-07:00,2025-10-31T15:55:54-07:00,2,19
global.js,148,js,d93790da,Haoshuo Bi,2025-10-24,19:13:29,-07:00,2025-10-24T19:13:29-07:00,0,0
global.js,149,js,d93790da,Haoshuo Bi,2025-10-24,19:13:29,-07:00,2025-10-24T19:13:29-07:00,2,19
global.js,150,js,d93790da,Haoshuo Bi,2025-10-24,19:13:29,-07:00,2025-10-24T19:13:29-07:00,3,19
global.js,151,js,d93790da,Haoshuo Bi,2025-10-24,19:13:29,-07:00,2025-10-24T19:13:29-07:00,3,31
global.js,152,js,d93790da,Haoshuo Bi,2025-10-24,19:13:29,-07:00,2025-10-24T19:13:29-07:00,2,0
global.js,153,js,36cf8d9e,Haoshuo Bi,2025-10-31,15:55:54,-07:00,2025-10-31T15:55:54-07:00,2,24
global.js,154,js,36cf8d9e,Haoshuo Bi,2025-10-31,15:55:54,-07:00,2025-10-31T15:55:54-07:00,0,0
global.js,155,js,d93790da,Haoshuo Bi,2025-10-24,19:13:29,-07:00,2025-10-24T19:13:29-07:00,2,36
global.js,156,js,d93790da,Haoshuo Bi,2025-10-24,19:13:29,-07:00,2025-10-24T19:13:29-07:00,1,0
global.js,157,js,d93790da,Haoshuo Bi,2025-10-24,19:13:29,-07:00,2025-10-24T19:13:29-07:00,0,0
global.js,158,js,d93790da,Haoshuo Bi,2025-10-24,19:13:29,-07:00,2025-10-24T19:13:29-07:00,0,0
global.js,159,js,36cf8d9e,Haoshuo Bi,2025-10-31,15:55:54,-07:00,2025-10-31T15:55:54-07:00,0,0
global.js,160,js,d93790da,Haoshuo Bi,2025-10-24,19:13:29,-07:00,2025-10-24T19:13:29-07:00,0,49
global.js,161,js,d93790da,Haoshuo Bi,2025-10-24,19:13:29,-07:00,2025-10-24T19:13:29-07:00,0,47
global.js,162,js,d93790da,Haoshuo Bi,2025-10-24,19:13:29,-07:00,2025-10-24T19:13:29-07:00,1,79
global.js,163,js,d93790da,Haoshuo Bi,2025-10-24,19:13:29,-07:00,2025-10-24T19:13:29-07:00,0,0
resume\index.html,1,html,0a3b494c,Haoshuo Bi,2025-09-30,23:35:08,-07:00,2025-09-30T23:35:08-07:00,0,13
resume\index.html,2,html,0a3b494c,Haoshuo Bi,2025-09-30,23:35:08,-07:00,2025-09-30T23:35:08-07:00,0,14
resume\index.html,3,html,0a3b494c,Haoshuo Bi,2025-09-30,23:35:08,-07:00,2025-09-30T23:35:08-07:00,0,4
resume\index.html,4,html,0a3b494c,Haoshuo Bi,2025-09-30,23:35:08,-07:00,2025-09-30T23:35:08-07:00,1,20
resume\index.html,5,html,0a3b494c,Haoshuo Bi,2025-09-30,23:35:08,-07:00,2025-09-30T23:35:08-07:00,1,68
resume\index.html,6,html,0a3b494c,Haoshuo Bi,2025-09-30,23:35:08,-07:00,2025-09-30T23:35:08-07:00,1,32
resume\index.html,7,html,a499ac9c,Haoshuo Bi,2025-10-02,12:15:51,-07:00,2025-10-02T12:15:51-07:00,1,9
resume\index.html,8,html,0a3b494c,Haoshuo Bi,2025-09-30,23:35:08,-07:00,2025-09-30T23:35:08-07:00,1,41
resume\index.html,9,html,0a3b494c,Haoshuo Bi,2025-09-30,23:35:08,-07:00,2025-09-30T23:35:08-07:00,0,5
resume\index.html,10,html,0a3b494c,Haoshuo Bi,2025-09-30,23:35:08,-07:00,2025-09-30T23:35:08-07:00,0,4
resume\index.html,11,html,a499ac9c,Haoshuo Bi,2025-10-02,12:15:51,-07:00,2025-10-02T12:15:51-07:00,1,9
resume\index.html,12,html,a5df0b22,Haoshuo Bi,2025-10-14,21:06:28,-07:00,2025-10-14T21:06:28-07:00,1,8
resume\index.html,13,html,0a3b494c,Haoshuo Bi,2025-09-30,23:35:08,-07:00,2025-09-30T23:35:08-07:00,2,20
resume\index.html,14,html,6727f30e,Haoshuo Bi,2025-10-01,00:33:17,-07:00,2025-10-01T00:33:17-07:00,2,31
resume\index.html,15,html,0a3b494c,Haoshuo Bi,2025-09-30,23:35:08,-07:00,2025-09-30T23:35:08-07:00,2,31
resume\index.html,16,html,0a3b494c,Haoshuo Bi,2025-09-30,23:35:08,-07:00,2025-09-30T23:35:08-07:00,2,21
resume\index.html,17,html,0a3b494c,Haoshuo Bi,2025-09-30,23:35:08,-07:00,2025-09-30T23:35:08-07:00,2,78
resume\index.html,18,html,a5df0b22,Haoshuo Bi,2025-10-14,21:06:28,-07:00,2025-10-14T21:06:28-07:00,1,8
resume\index.html,19,html,0a3b494c,Haoshuo Bi,2025-09-30,23:35:08,-07:00,2025-09-30T23:35:08-07:00,0,0
resume\index.html,20,html,0a3b494c,Haoshuo Bi,2025-09-30,23:35:08,-07:00,2025-09-30T23:35:08-07:00,1,4
resume\index.html,21,html,a499ac9c,Haoshuo Bi,2025-10-02,12:15:51,-07:00,2025-10-02T12:15:51-07:00,2,19
resume\index.html,22,html,0a3b494c,Haoshuo Bi,2025-09-30,23:35:08,-07:00,2025-09-30T23:35:08-07:00,2,6
resume\index.html,23,html,0a3b494c,Haoshuo Bi,2025-09-30,23:35:08,-07:00,2025-09-30T23:35:08-07:00,3,17
resume\index.html,24,html,0a3b494c,Haoshuo Bi,2025-09-30,23:35:08,-07:00,2025-09-30T23:35:08-07:00,3,65
resume\index.html,25,html,0a3b494c,Haoshuo Bi,2025-09-30,23:35:08,-07:00,2025-09-30T23:35:08-07:00,4,78
resume\index.html,26,html,0a3b494c,Haoshuo Bi,2025-09-30,23:35:08,-07:00,2025-09-30T23:35:08-07:00,3,2
resume\index.html,27,html,0a3b494c,Haoshuo Bi,2025-09-30,23:35:08,-07:00,2025-09-30T23:35:08-07:00,2,7
resume\index.html,28,html,0a3b494c,Haoshuo Bi,2025-09-30,23:35:08,-07:00,2025-09-30T23:35:08-07:00,0,0
resume\index.html,29,html,a499ac9c,Haoshuo Bi,2025-10-02,12:15:51,-07:00,2025-10-02T12:15:51-07:00,2,14
resume\index.html,30,html,0a3b494c,Haoshuo Bi,2025-09-30,23:35:08,-07:00,2025-09-30T23:35:08-07:00,2,7
resume\index.html,31,html,0a3b494c,Haoshuo Bi,2025-09-30,23:35:08,-07:00,2025-09-30T23:35:08-07:00,3,14
resume\index.html,32,html,0a3b494c,Haoshuo Bi,2025-09-30,23:35:08,-07:00,2025-09-30T23:35:08-07:00,3,138
resume\index.html,33,html,0a3b494c,Haoshuo Bi,2025-09-30,23:35:08,-07:00,2025-09-30T23:35:08-07:00,2,8
resume\index.html,34,html,0a3b494c,Haoshuo Bi,2025-09-30,23:35:08,-07:00,2025-09-30T23:35:08-07:00,0,0
resume\index.html,35,html,a499ac9c,Haoshuo Bi,2025-10-02,12:15:51,-07:00,2025-10-02T12:15:51-07:00,2,16
resume\index.html,36,html,0a3b494c,Haoshuo Bi,2025-09-30,23:35:08,-07:00,2025-09-30T23:35:08-07:00,2,7
resume\index.html,37,html,0a3b494c,Haoshuo Bi,2025-09-30,23:35:08,-07:00,2025-09-30T23:35:08-07:00,3,16
resume\index.html,38,html,0a3b494c,Haoshuo Bi,2025-09-30,23:35:08,-07:00,2025-09-30T23:35:08-07:00,0,0
resume\index.html,39,html,0a3b494c,Haoshuo Bi,2025-09-30,23:35:08,-07:00,2025-09-30T23:35:08-07:00,3,7
resume\index.html,40,html,0a3b494c,Haoshuo Bi,2025-09-30,23:35:08,-07:00,2025-09-30T23:35:08-07:00,4,65
resume\index.html,41,html,0a3b494c,Haoshuo Bi,2025-09-30,23:35:08,-07:00,2025-09-30T23:35:08-07:00,4,1
resume\index.html,42,html,3dc2a29e,Haoshuo Bi,2025-10-02,12:04:52,-07:00,2025-10-02T12:04:52-07:00,5,38
resume\index.html,43,html,0a3b494c,Haoshuo Bi,2025-09-30,23:35:08,-07:00,2025-09-30T23:35:08-07:00,5,53
resume\index.html,44,html,0a3b494c,Haoshuo Bi,2025-09-30,23:35:08,-07:00,2025-09-30T23:35:08-07:00,4,2
resume\index.html,45,html,0a3b494c,Haoshuo Bi,2025-09-30,23:35:08,-07:00,2025-09-30T23:35:08-07:00,4,2
resume\index.html,46,html,0a3b494c,Haoshuo Bi,2025-09-30,23:35:08,-07:00,2025-09-30T23:35:08-07:00,5,46
resume\index.html,47,html,0a3b494c,Haoshuo Bi,2025-09-30,23:35:08,-07:00,2025-09-30T23:35:08-07:00,4,3
resume\index.html,48,html,0a3b494c,Haoshuo Bi,2025-09-30,23:35:08,-07:00,2025-09-30T23:35:08-07:00,3,8
resume\index.html,49,html,0a3b494c,Haoshuo Bi,2025-09-30,23:35:08,-07:00,2025-09-30T23:35:08-07:00,0,0
resume\index.html,50,html,a499ac9c,Haoshuo Bi,2025-10-02,12:15:51,-07:00,2025-10-02T12:15:51-07:00,2,17
resume\index.html,51,html,0a3b494c,Haoshuo Bi,2025-09-30,23:35:08,-07:00,2025-09-30T23:35:08-07:00,2,7
resume\index.html,52,html,0a3b494c,Haoshuo Bi,2025-09-30,23:35:08,-07:00,2025-09-30T23:35:08-07:00,3,17
resume\index.html,53,html,0a3b494c,Haoshuo Bi,2025-09-30,23:35:08,-07:00,2025-09-30T23:35:08-07:00,0,0
resume\index.html,54,html,0a3b494c,Haoshuo Bi,2025-09-30,23:35:08,-07:00,2025-09-30T23:35:08-07:00,3,7
resume\index.html,55,html,3dc2a29e,Haoshuo Bi,2025-10-02,12:04:52,-07:00,2025-10-02T12:04:52-07:00,4,73
resume\index.html,56,html,0a3b494c,Haoshuo Bi,2025-09-30,23:35:08,-07:00,2025-09-30T23:35:08-07:00,4,1
resume\index.html,57,html,0a3b494c,Haoshuo Bi,2025-09-30,23:35:08,-07:00,2025-09-30T23:35:08-07:00,5,40
resume\index.html,58,html,3dc2a29e,Haoshuo Bi,2025-10-02,12:04:52,-07:00,2025-10-02T12:04:52-07:00,5,52
resume\index.html,59,html,0a3b494c,Haoshuo Bi,2025-09-30,23:35:08,-07:00,2025-09-30T23:35:08-07:00,4,2
resume\index.html,60,html,0a3b494c,Haoshuo Bi,2025-09-30,23:35:08,-07:00,2025-09-30T23:35:08-07:00,4,2
resume\index.html,61,html,3dc2a29e,Haoshuo Bi,2025-10-02,12:04:52,-07:00,2025-10-02T12:04:52-07:00,5,129
resume\index.html,62,html,3dc2a29e,Haoshuo Bi,2025-10-02,12:04:52,-07:00,2025-10-02T12:04:52-07:00,5,112
resume\index.html,63,html,3dc2a29e,Haoshuo Bi,2025-10-02,12:04:52,-07:00,2025-10-02T12:04:52-07:00,5,148
resume\index.html,64,html,0a3b494c,Haoshuo Bi,2025-09-30,23:35:08,-07:00,2025-09-30T23:35:08-07:00,4,3
resume\index.html,65,html,0a3b494c,Haoshuo Bi,2025-09-30,23:35:08,-07:00,2025-09-30T23:35:08-07:00,3,8
resume\index.html,66,html,0a3b494c,Haoshuo Bi,2025-09-30,23:35:08,-07:00,2025-09-30T23:35:08-07:00,2,8
resume\index.html,67,html,0a3b494c,Haoshuo Bi,2025-09-30,23:35:08,-07:00,2025-09-30T23:35:08-07:00,0,0
resume\index.html,68,html,3dc2a29e,Haoshuo Bi,2025-10-02,12:04:52,-07:00,2025-10-02T12:04:52-07:00,2,23
resume\index.html,69,html,0a3b494c,Haoshuo Bi,2025-09-30,23:35:08,-07:00,2025-09-30T23:35:08-07:00,2,7
resume\index.html,70,html,3dc2a29e,Haoshuo Bi,2025-10-02,12:04:52,-07:00,2025-10-02T12:04:52-07:00,2,15
resume\index.html,71,html,3dc2a29e,Haoshuo Bi,2025-10-02,12:04:52,-07:00,2025-10-02T12:04:52-07:00,2,7
resume\index.html,72,html,3dc2a29e,Haoshuo Bi,2025-10-02,12:04:52,-07:00,2025-10-02T12:04:52-07:00,4,36
resume\index.html,73,html,3dc2a29e,Haoshuo Bi,2025-10-02,12:04:52,-07:00,2025-10-02T12:04:52-07:00,4,88
resume\index.html,74,html,3dc2a29e,Haoshuo Bi,2025-10-02,12:04:52,-07:00,2025-10-02T12:04:52-07:00,4,2
resume\index.html,75,html,3dc2a29e,Haoshuo Bi,2025-10-02,12:04:52,-07:00,2025-10-02T12:04:52-07:00,5,228
resume\index.html,76,html,3dc2a29e,Haoshuo Bi,2025-10-02,12:04:52,-07:00,2025-10-02T12:04:52-07:00,5,229
resume\index.html,77,html,3dc2a29e,Haoshuo Bi,2025-10-02,12:04:52,-07:00,2025-10-02T12:04:52-07:00,5,255
resume\index.html,78,html,3dc2a29e,Haoshuo Bi,2025-10-02,12:04:52,-07:00,2025-10-02T12:04:52-07:00,4,3
resume\index.html,79,html,6b960eb8,Haoshuo Bi,2025-10-02,12:22:12,-07:00,2025-10-02T12:22:12-07:00,4,43
resume\index.html,80,html,3dc2a29e,Haoshuo Bi,2025-10-02,12:04:52,-07:00,2025-10-02T12:04:52-07:00,2,8
resume\index.html,81,html,3dc2a29e,Haoshuo Bi,2025-10-02,12:04:52,-07:00,2025-10-02T12:04:52-07:00,0,8
resume\index.html,82,html,3dc2a29e,Haoshuo Bi,2025-10-02,12:04:52,-07:00,2025-10-02T12:04:52-07:00,0,0
resume\index.html,83,html,0a3b494c,Haoshuo Bi,2025-09-30,23:35:08,-07:00,2025-09-30T23:35:08-07:00,0,0
resume\index.html,84,html,a499ac9c,Haoshuo Bi,2025-10-02,12:15:51,-07:00,2025-10-02T12:15:51-07:00,2,13
resume\index.html,85,html,0a3b494c,Haoshuo Bi,2025-09-30,23:35:08,-07:00,2025-09-30T23:35:08-07:00,2,7
resume\index.html,86,html,0a3b494c,Haoshuo Bi,2025-09-30,23:35:08,-07:00,2025-09-30T23:35:08-07:00,3,13
resume\index.html,87,html,0a3b494c,Haoshuo Bi,2025-09-30,23:35:08,-07:00,2025-09-30T23:35:08-07:00,3,2
resume\index.html,88,html,0a3b494c,Haoshuo Bi,2025-09-30,23:35:08,-07:00,2025-09-30T23:35:08-07:00,4,41
resume\index.html,89,html,0a3b494c,Haoshuo Bi,2025-09-30,23:35:08,-07:00,2025-09-30T23:35:08-07:00,4,44
resume\index.html,90,html,0a3b494c,Haoshuo Bi,2025-09-30,23:35:08,-07:00,2025-09-30T23:35:08-07:00,4,49
resume\index.html,91,html,0a3b494c,Haoshuo Bi,2025-09-30,23:35:08,-07:00,2025-09-30T23:35:08-07:00,3,3
resume\index.html,92,html,0a3b494c,Haoshuo Bi,2025-09-30,23:35:08,-07:00,2025-09-30T23:35:08-07:00,2,8
resume\index.html,93,html,0a3b494c,Haoshuo Bi,2025-09-30,23:35:08,-07:00,2025-09-30T23:35:08-07:00,1,5
resume\index.html,94,html,a5df0b22,Haoshuo Bi,2025-10-14,21:06:28,-07:00,2025-10-14T21:06:28-07:00,1,48
resume\index.html,95,html,0a3b494c,Haoshuo Bi,2025-09-30,23:35:08,-07:00,2025-09-30T23:35:08-07:00,0,5
resume\index.html,96,html,0a3b494c,Haoshuo Bi,2025-09-30,23:35:08,-07:00,2025-09-30T23:35:08-07:00,0,5
project\projects.js,1,js,36cf8d9e,Haoshuo Bi,2025-10-31,15:55:54,-07:00,2025-10-31T15:55:54-07:00,0,34
project\projects.js,2,js,36cf8d9e,Haoshuo Bi,2025-10-31,15:55:54,-07:00,2025-10-31T15:55:54-07:00,0,63
project\projects.js,3,js,d93790da,Haoshuo Bi,2025-10-24,19:13:29,-07:00,2025-10-24T19:13:29-07:00,0,55
project\projects.js,4,js,d93790da,Haoshuo Bi,2025-10-24,19:13:29,-07:00,2025-10-24T19:13:29-07:00,0,0
project\projects.js,5,js,36cf8d9e,Haoshuo Bi,2025-10-31,15:55:54,-07:00,2025-10-31T15:55:54-07:00,0,22
project\projects.js,6,js,36cf8d9e,Haoshuo Bi,2025-10-31,15:55:54,-07:00,2025-10-31T15:55:54-07:00,0,52
project\projects.js,7,js,36cf8d9e,Haoshuo Bi,2025-10-31,15:55:54,-07:00,2025-10-31T15:55:54-07:00,0,52
project\projects.js,8,js,36cf8d9e,Haoshuo Bi,2025-10-31,15:55:54,-07:00,2025-10-31T15:55:54-07:00,0,73
project\projects.js,9,js,36cf8d9e,Haoshuo Bi,2025-10-31,15:55:54,-07:00,2025-10-31T15:55:54-07:00,0,72
project\projects.js,10,js,d93790da,Haoshuo Bi,2025-10-24,19:13:29,-07:00,2025-10-24T19:13:29-07:00,0,0
project\projects.js,11,js,36cf8d9e,Haoshuo Bi,2025-10-31,15:55:54,-07:00,2025-10-31T15:55:54-07:00,0,23
project\projects.js,12,js,36cf8d9e,Haoshuo Bi,2025-10-31,15:55:54,-07:00,2025-10-31T15:55:54-07:00,0,20
project\projects.js,13,js,36cf8d9e,Haoshuo Bi,2025-10-31,15:55:54,-07:00,2025-10-31T15:55:54-07:00,0,13
project\projects.js,14,js,00000000,Not Committed Yet,2025-11-07,14:27:54,-08:00,2025-11-07T14:27:54-08:00,0,33
project\projects.js,15,js,36cf8d9e,Haoshuo Bi,2025-10-31,15:55:54,-07:00,2025-10-31T15:55:54-07:00,0,65
project\projects.js,16,js,36cf8d9e,Haoshuo Bi,2025-10-31,15:55:54,-07:00,2025-10-31T15:55:54-07:00,0,0
project\projects.js,17,js,36cf8d9e,Haoshuo Bi,2025-10-31,15:55:54,-07:00,2025-10-31T15:55:54-07:00,0,4
project\projects.js,18,js,36cf8d9e,Haoshuo Bi,2025-10-31,15:55:54,-07:00,2025-10-31T15:55:54-07:00,0,8
project\projects.js,19,js,36cf8d9e,Haoshuo Bi,2025-10-31,15:55:54,-07:00,2025-10-31T15:55:54-07:00,0,0
project\projects.js,20,js,36cf8d9e,Haoshuo Bi,2025-10-31,15:55:54,-07:00,2025-10-31T15:55:54-07:00,0,0
project\projects.js,21,js,00000000,Not Committed Yet,2025-11-07,14:27:54,-08:00,2025-11-07T14:27:54-08:00,0,37
project\projects.js,22,js,36cf8d9e,Haoshuo Bi,2025-10-31,15:55:54,-07:00,2025-10-31T15:55:54-07:00,0,23
project\projects.js,23,js,36cf8d9e,Haoshuo Bi,2025-10-31,15:55:54,-07:00,2025-10-31T15:55:54-07:00,1,39
project\projects.js,24,js,36cf8d9e,Haoshuo Bi,2025-10-31,15:55:54,-07:00,2025-10-31T15:55:54-07:00,2,52
project\projects.js,25,js,36cf8d9e,Haoshuo Bi,2025-10-31,15:55:54,-07:00,2025-10-31T15:55:54-07:00,2,47
project\projects.js,26,js,36cf8d9e,Haoshuo Bi,2025-10-31,15:55:54,-07:00,2025-10-31T15:55:54-07:00,1,1
project\projects.js,27,js,36cf8d9e,Haoshuo Bi,2025-10-31,15:55:54,-07:00,2025-10-31T15:55:54-07:00,0,0
project\projects.js,28,js,00000000,Not Committed Yet,2025-11-07,14:27:54,-08:00,2025-11-07T14:27:54-08:00,1,28
project\projects.js,29,js,36cf8d9e,Haoshuo Bi,2025-10-31,15:55:54,-07:00,2025-10-31T15:55:54-07:00,2,72
project\projects.js,30,js,36cf8d9e,Haoshuo Bi,2025-10-31,15:55:54,-07:00,2025-10-31T15:55:54-07:00,1,0
project\projects.js,31,js,36cf8d9e,Haoshuo Bi,2025-10-31,15:55:54,-07:00,2025-10-31T15:55:54-07:00,1,14
project\projects.js,32,js,d93790da,Haoshuo Bi,2025-10-24,19:13:29,-07:00,2025-10-24T19:13:29-07:00,0,0
project\projects.js,33,js,d93790da,Haoshuo Bi,2025-10-24,19:13:29,-07:00,2025-10-24T19:13:29-07:00,0,0
project\projects.js,34,js,36cf8d9e,Haoshuo Bi,2025-10-31,15:55:54,-07:00,2025-10-31T15:55:54-07:00,0,0
project\projects.js,35,js,36cf8d9e,Haoshuo Bi,2025-10-31,15:55:54,-07:00,2025-10-31T15:55:54-07:00,0,46
project\projects.js,36,js,36cf8d9e,Haoshuo Bi,2025-10-31,15:55:54,-07:00,2025-10-31T15:55:54-07:00,0,38
project\projects.js,37,js,36cf8d9e,Haoshuo Bi,2025-10-31,15:55:54,-07:00,2025-10-31T15:55:54-07:00,1,8
project\projects.js,38,js,36cf8d9e,Haoshuo Bi,2025-10-31,15:55:54,-07:00,2025-10-31T15:55:54-07:00,1,24
project\projects.js,39,js,36cf8d9e,Haoshuo Bi,2025-10-31,15:55:54,-07:00,2025-10-31T15:55:54-07:00,2,12
project\projects.js,40,js,36cf8d9e,Haoshuo Bi,2025-10-31,15:55:54,-07:00,2025-10-31T15:55:54-07:00,2,12
project\projects.js,41,js,36cf8d9e,Haoshuo Bi,2025-10-31,15:55:54,-07:00,2025-10-31T15:55:54-07:00,2,17
project\projects.js,42,js,36cf8d9e,Haoshuo Bi,2025-10-31,15:55:54,-07:00,2025-10-31T15:55:54-07:00,1,0
project\projects.js,43,js,36cf8d9e,Haoshuo Bi,2025-10-31,15:55:54,-07:00,2025-10-31T15:55:54-07:00,0,0
project\projects.js,44,js,36cf8d9e,Haoshuo Bi,2025-10-31,15:55:54,-07:00,2025-10-31T15:55:54-07:00,1,74
project\projects.js,45,js,36cf8d9e,Haoshuo Bi,2025-10-31,15:55:54,-07:00,2025-10-31T15:55:54-07:00,1,62
project\projects.js,46,js,36cf8d9e,Haoshuo Bi,2025-10-31,15:55:54,-07:00,2025-10-31T15:55:54-07:00,1,27
project\projects.js,47,js,36cf8d9e,Haoshuo Bi,2025-10-31,15:55:54,-07:00,2025-10-31T15:55:54-07:00,0,0
project\projects.js,48,js,36cf8d9e,Haoshuo Bi,2025-10-31,15:55:54,-07:00,2025-10-31T15:55:54-07:00,1,7
project\projects.js,49,js,36cf8d9e,Haoshuo Bi,2025-10-31,15:55:54,-07:00,2025-10-31T15:55:54-07:00,1,50
project\projects.js,50,js,36cf8d9e,Haoshuo Bi,2025-10-31,15:55:54,-07:00,2025-10-31T15:55:54-07:00,1,24
project\projects.js,51,js,36cf8d9e,Haoshuo Bi,2025-10-31,15:55:54,-07:00,2025-10-31T15:55:54-07:00,1,50
project\projects.js,52,js,36cf8d9e,Haoshuo Bi,2025-10-31,15:55:54,-07:00,2025-10-31T15:55:54-07:00,0,0
project\projects.js,53,js,36cf8d9e,Haoshuo Bi,2025-10-31,15:55:54,-07:00,2025-10-31T15:55:54-07:00,1,5
project\projects.js,54,js,36cf8d9e,Haoshuo Bi,2025-10-31,15:55:54,-07:00,2025-10-31T15:55:54-07:00,1,26
project\projects.js,55,js,36cf8d9e,Haoshuo Bi,2025-10-31,15:55:54,-07:00,2025-10-31T15:55:54-07:00,1,29
project\projects.js,56,js,36cf8d9e,Haoshuo Bi,2025-10-31,15:55:54,-07:00,2025-10-31T15:55:54-07:00,0,0
project\projects.js,57,js,36cf8d9e,Haoshuo Bi,2025-10-31,15:55:54,-07:00,2025-10-31T15:55:54-07:00,1,4
project\projects.js,58,js,36cf8d9e,Haoshuo Bi,2025-10-31,15:55:54,-07:00,2025-10-31T15:55:54-07:00,1,19
project\projects.js,59,js,36cf8d9e,Haoshuo Bi,2025-10-31,15:55:54,-07:00,2025-10-31T15:55:54-07:00,1,12
project\projects.js,60,js,36cf8d9e,Haoshuo Bi,2025-10-31,15:55:54,-07:00,2025-10-31T15:55:54-07:00,1,6
project\projects.js,61,js,36cf8d9e,Haoshuo Bi,2025-10-31,15:55:54,-07:00,2025-10-31T15:55:54-07:00,1,13
project\projects.js,62,js,36cf8d9e,Haoshuo Bi,2025-10-31,15:55:54,-07:00,2025-10-31T15:55:54-07:00,1,13
project\projects.js,63,js,36cf8d9e,Haoshuo Bi,2025-10-31,15:55:54,-07:00,2025-10-31T15:55:54-07:00,1,37
project\projects.js,64,js,36cf8d9e,Haoshuo Bi,2025-10-31,15:55:54,-07:00,2025-10-31T15:55:54-07:00,1,71
project\projects.js,65,js,36cf8d9e,Haoshuo Bi,2025-10-31,15:55:54,-07:00,2025-10-31T15:55:54-07:00,1,22
project\projects.js,66,js,00000000,Not Committed Yet,2025-11-07,14:27:54,-08:00,2025-11-07T14:27:54-08:00,2,38
project\projects.js,67,js,00000000,Not Committed Yet,2025-11-07,14:27:54,-08:00,2025-11-07T14:27:54-08:00,2,55
project\projects.js,68,js,36cf8d9e,Haoshuo Bi,2025-10-31,15:55:54,-07:00,2025-10-31T15:55:54-07:00,2,10
project\projects.js,69,js,36cf8d9e,Haoshuo Bi,2025-10-31,15:55:54,-07:00,2025-10-31T15:55:54-07:00,1,1
project\projects.js,70,js,36cf8d9e,Haoshuo Bi,2025-10-31,15:55:54,-07:00,2025-10-31T15:55:54-07:00,0,0
project\projects.js,71,js,36cf8d9e,Haoshuo Bi,2025-10-31,15:55:54,-07:00,2025-10-31T15:55:54-07:00,0,20
project\projects.js,72,js,36cf8d9e,Haoshuo Bi,2025-10-31,15:55:54,-07:00,2025-10-31T15:55:54-07:00,1,9
project\projects.js,73,js,36cf8d9e,Haoshuo Bi,2025-10-31,15:55:54,-07:00,2025-10-31T15:55:54-07:00,1,6
project\projects.js,74,js,36cf8d9e,Haoshuo Bi,2025-10-31,15:55:54,-07:00,2025-10-31T15:55:54-07:00,1,11
project\projects.js,75,js,36cf8d9e,Haoshuo Bi,2025-10-31,15:55:54,-07:00,2025-10-31T15:55:54-07:00,1,46
project\projects.js,76,js,36cf8d9e,Haoshuo Bi,2025-10-31,15:55:54,-07:00,2025-10-31T15:55:54-07:00,1,66
project\projects.js,77,js,36cf8d9e,Haoshuo Bi,2025-10-31,15:55:54,-07:00,2025-10-31T15:55:54-07:00,1,73
project\projects.js,78,js,36cf8d9e,Haoshuo Bi,2025-10-31,15:55:54,-07:00,2025-10-31T15:55:54-07:00,1,22
project\projects.js,79,js,00000000,Not Committed Yet,2025-11-07,14:27:54,-08:00,2025-11-07T14:27:54-08:00,2,31
project\projects.js,80,js,00000000,Not Committed Yet,2025-11-07,14:27:54,-08:00,2025-11-07T14:27:54-08:00,2,61
project\projects.js,81,js,36cf8d9e,Haoshuo Bi,2025-10-31,15:55:54,-07:00,2025-10-31T15:55:54-07:00,2,10
project\projects.js,82,js,36cf8d9e,Haoshuo Bi,2025-10-31,15:55:54,-07:00,2025-10-31T15:55:54-07:00,1,1
project\projects.js,83,js,36cf8d9e,Haoshuo Bi,2025-10-31,15:55:54,-07:00,2025-10-31T15:55:54-07:00,0,0
project\projects.js,84,js,36cf8d9e,Haoshuo Bi,2025-10-31,15:55:54,-07:00,2025-10-31T15:55:54-07:00,0,0
project\projects.js,85,js,36cf8d9e,Haoshuo Bi,2025-10-31,15:55:54,-07:00,2025-10-31T15:55:54-07:00,1,3
project\projects.js,86,js,36cf8d9e,Haoshuo Bi,2025-10-31,15:55:54,-07:00,2025-10-31T15:55:54-07:00,1,20
project\projects.js,87,js,36cf8d9e,Haoshuo Bi,2025-10-31,15:55:54,-07:00,2025-10-31T15:55:54-07:00,2,9
project\projects.js,88,js,36cf8d9e,Haoshuo Bi,2025-10-31,15:55:54,-07:00,2025-10-31T15:55:54-07:00,2,6
project\projects.js,89,js,36cf8d9e,Haoshuo Bi,2025-10-31,15:55:54,-07:00,2025-10-31T15:55:54-07:00,2,11
project\projects.js,90,js,36cf8d9e,Haoshuo Bi,2025-10-31,15:55:54,-07:00,2025-10-31T15:55:54-07:00,2,62
project\projects.js,91,js,36cf8d9e,Haoshuo Bi,2025-10-31,15:55:54,-07:00,2025-10-31T15:55:54-07:00,0,0
project\projects.js,92,js,36cf8d9e,Haoshuo Bi,2025-10-31,15:55:54,-07:00,2025-10-31T15:55:54-07:00,2,65
project\projects.js,93,js,36cf8d9e,Haoshuo Bi,2025-10-31,15:55:54,-07:00,2025-10-31T15:55:54-07:00,2,73
project\projects.js,94,js,36cf8d9e,Haoshuo Bi,2025-10-31,15:55:54,-07:00,2025-10-31T15:55:54-07:00,2,22
project\projects.js,95,js,36cf8d9e,Haoshuo Bi,2025-10-31,15:55:54,-07:00,2025-10-31T15:55:54-07:00,3,24
project\projects.js,96,js,36cf8d9e,Haoshuo Bi,2025-10-31,15:55:54,-07:00,2025-10-31T15:55:54-07:00,3,45
project\projects.js,97,js,36cf8d9e,Haoshuo Bi,2025-10-31,15:55:54,-07:00,2025-10-31T15:55:54-07:00,3,10
project\projects.js,98,js,36cf8d9e,Haoshuo Bi,2025-10-31,15:55:54,-07:00,2025-10-31T15:55:54-07:00,2,1
project\projects.js,99,js,36cf8d9e,Haoshuo Bi,2025-10-31,15:55:54,-07:00,2025-10-31T15:55:54-07:00,0,0
project\projects.js,100,js,36cf8d9e,Haoshuo Bi,2025-10-31,15:55:54,-07:00,2025-10-31T15:55:54-07:00,0,0
project\projects.js,101,js,36cf8d9e,Haoshuo Bi,2025-10-31,15:55:54,-07:00,2025-10-31T15:55:54-07:00,0,34
project\projects.js,102,js,36cf8d9e,Haoshuo Bi,2025-10-31,15:55:54,-07:00,2025-10-31T15:55:54-07:00,0,20
project\projects.js,103,js,36cf8d9e,Haoshuo Bi,2025-10-31,15:55:54,-07:00,2025-10-31T15:55:54-07:00,1,30
project\projects.js,104,js,00000000,Not Committed Yet,2025-11-07,14:27:54,-08:00,2025-11-07T14:27:54-08:00,1,16
project\projects.js,105,js,36cf8d9e,Haoshuo Bi,2025-10-31,15:55:54,-07:00,2025-10-31T15:55:54-07:00,1,48
project\projects.js,106,js,36cf8d9e,Haoshuo Bi,2025-10-31,15:55:54,-07:00,2025-10-31T15:55:54-07:00,1,23
project\projects.js,107,js,d93790da,Haoshuo Bi,2025-10-24,19:13:29,-07:00,2025-10-24T19:13:29-07:00,0,0
project\projects.js,108,js,36cf8d9e,Haoshuo Bi,2025-10-31,15:55:54,-07:00,2025-10-31T15:55:54-07:00,0,0
project\projects.js,109,js,36cf8d9e,Haoshuo Bi,2025-10-31,15:55:54,-07:00,2025-10-31T15:55:54-07:00,0,47
project\projects.js,110,js,36cf8d9e,Haoshuo Bi,2025-10-31,15:55:54,-07:00,2025-10-31T15:55:54-07:00,0,16
project\projects.js,111,js,36cf8d9e,Haoshuo Bi,2025-10-31,15:55:54,-07:00,2025-10-31T15:55:54-07:00,1,44
project\projects.js,112,js,36cf8d9e,Haoshuo Bi,2025-10-31,15:55:54,-07:00,2025-10-31T15:55:54-07:00,2,27
project\projects.js,113,js,36cf8d9e,Haoshuo Bi,2025-10-31,15:55:54,-07:00,2025-10-31T15:55:54-07:00,2,10
project\projects.js,114,js,36cf8d9e,Haoshuo Bi,2025-10-31,15:55:54,-07:00,2025-10-31T15:55:54-07:00,1,1
project\projects.js,115,js,36cf8d9e,Haoshuo Bi,2025-10-31,15:55:54,-07:00,2025-10-31T15:55:54-07:00,0,0
project\projects.js,116,js,36cf8d9e,Haoshuo Bi,2025-10-31,15:55:54,-07:00,2025-10-31T15:55:54-07:00,0,0
project\projects.js,117,js,36cf8d9e,Haoshuo Bi,2025-10-31,15:55:54,-07:00,2025-10-31T15:55:54-07:00,0,22
project\projects.js,118,js,36cf8d9e,Haoshuo Bi,2025-10-31,15:55:54,-07:00,2025-10-31T15:55:54-07:00,0,21
project\projects.js,119,js,36cf8d9e,Haoshuo Bi,2025-10-31,15:55:54,-07:00,2025-10-31T15:55:54-07:00,1,51
project\projects.js,120,js,36cf8d9e,Haoshuo Bi,2025-10-31,15:55:54,-07:00,2025-10-31T15:55:54-07:00,1,45
project\projects.js,121,js,36cf8d9e,Haoshuo Bi,2025-10-31,15:55:54,-07:00,2025-10-31T15:55:54-07:00,0,0
project\projects.js,122,js,00000000,Not Committed Yet,2025-11-07,14:27:54,-08:00,2025-11-07T14:27:54-08:00,1,32
project\projects.js,123,js,36cf8d9e,Haoshuo Bi,2025-10-31,15:55:54,-07:00,2025-10-31T15:55:54-07:00,1,74
project\projects.js,124,js,36cf8d9e,Haoshuo Bi,2025-10-31,15:55:54,-07:00,2025-10-31T15:55:54-07:00,1,59
project\projects.js,125,js,36cf8d9e,Haoshuo Bi,2025-10-31,15:55:54,-07:00,2025-10-31T15:55:54-07:00,0,0
project\projects.js,126,js,36cf8d9e,Haoshuo Bi,2025-10-31,15:55:54,-07:00,2025-10-31T15:55:54-07:00,1,10
project\projects.js,127,js,36cf8d9e,Haoshuo Bi,2025-10-31,15:55:54,-07:00,2025-10-31T15:55:54-07:00,0,0
project\projects.js,128,js,36cf8d9e,Haoshuo Bi,2025-10-31,15:55:54,-07:00,2025-10-31T15:55:54-07:00,1,52
project\projects.js,129,js,36cf8d9e,Haoshuo Bi,2025-10-31,15:55:54,-07:00,2025-10-31T15:55:54-07:00,1,60
project\projects.js,130,js,36cf8d9e,Haoshuo Bi,2025-10-31,15:55:54,-07:00,2025-10-31T15:55:54-07:00,0,0
project\projects.js,131,js,36cf8d9e,Haoshuo Bi,2025-10-31,15:55:54,-07:00,2025-10-31T15:55:54-07:00,0,0
project\projects.js,132,js,36cf8d9e,Haoshuo Bi,2025-10-31,15:55:54,-07:00,2025-10-31T15:55:54-07:00,0,5
project\index.html,1,html,36cf8d9e,Haoshuo Bi,2025-10-31,15:55:54,-07:00,2025-10-31T15:55:54-07:00,0,13
project\index.html,2,html,4459b7e5,Haoshuo Bi,2025-09-30,11:56:28,-07:00,2025-09-30T11:56:28-07:00,0,14
project\index.html,3,html,4459b7e5,Haoshuo Bi,2025-09-30,11:56:28,-07:00,2025-09-30T11:56:28-07:00,0,4
project\index.html,4,html,36cf8d9e,Haoshuo Bi,2025-10-31,15:55:54,-07:00,2025-10-31T15:55:54-07:00,1,22
project\index.html,5,html,36cf8d9e,Haoshuo Bi,2025-10-31,15:55:54,-07:00,2025-10-31T15:55:54-07:00,1,34
project\index.html,6,html,36cf8d9e,Haoshuo Bi,2025-10-31,15:55:54,-07:00,2025-10-31T15:55:54-07:00,1,68
project\index.html,7,html,36cf8d9e,Haoshuo Bi,2025-10-31,15:55:54,-07:00,2025-10-31T15:55:54-07:00,1,43
project\index.html,8,html,00000000,Not Committed Yet,2025-11-07,14:27:55,-08:00,2025-11-07T14:27:55-08:00,1,14
project\index.html,9,html,36cf8d9e,Haoshuo Bi,2025-10-31,15:55:54,-07:00,2025-10-31T15:55:54-07:00,1,48
project\index.html,10,html,36cf8d9e,Haoshuo Bi,2025-10-31,15:55:54,-07:00,2025-10-31T15:55:54-07:00,0,0
project\index.html,11,html,36cf8d9e,Haoshuo Bi,2025-10-31,15:55:54,-07:00,2025-10-31T15:55:54-07:00,1,5
project\index.html,12,html,00000000,Not Committed Yet,2025-11-07,14:27:55,-08:00,2025-11-07T14:27:55-08:00,2,12
project\index.html,13,html,36cf8d9e,Haoshuo Bi,2025-10-31,15:55:54,-07:00,2025-10-31T15:55:54-07:00,2,87
project\index.html,14,html,36cf8d9e,Haoshuo Bi,2025-10-31,15:55:54,-07:00,2025-10-31T15:55:54-07:00,2,115
project\index.html,15,html,36cf8d9e,Haoshuo Bi,2025-10-31,15:55:54,-07:00,2025-10-31T15:55:54-07:00,2,158
project\index.html,16,html,36cf8d9e,Haoshuo Bi,2025-10-31,15:55:54,-07:00,2025-10-31T15:55:54-07:00,2,97
project\index.html,17,html,36cf8d9e,Haoshuo Bi,2025-10-31,15:55:54,-07:00,2025-10-31T15:55:54-07:00,2,125
project\index.html,18,html,36cf8d9e,Haoshuo Bi,2025-10-31,15:55:54,-07:00,2025-10-31T15:55:54-07:00,2,46
project\index.html,19,html,36cf8d9e,Haoshuo Bi,2025-10-31,15:55:54,-07:00,2025-10-31T15:55:54-07:00,2,51
project\index.html,20,html,36cf8d9e,Haoshuo Bi,2025-10-31,15:55:54,-07:00,2025-10-31T15:55:54-07:00,2,50
project\index.html,21,html,36cf8d9e,Haoshuo Bi,2025-10-31,15:55:54,-07:00,2025-10-31T15:55:54-07:00,2,40
project\index.html,22,html,36cf8d9e,Haoshuo Bi,2025-10-31,15:55:54,-07:00,2025-10-31T15:55:54-07:00,2,85
project\index.html,23,html,36cf8d9e,Haoshuo Bi,2025-10-31,15:55:54,-07:00,2025-10-31T15:55:54-07:00,2,112
project\index.html,24,html,36cf8d9e,Haoshuo Bi,2025-10-31,15:55:54,-07:00,2025-10-31T15:55:54-07:00,2,129
project\index.html,25,html,36cf8d9e,Haoshuo Bi,2025-10-31,15:55:54,-07:00,2025-10-31T15:55:54-07:00,2,80
project\index.html,26,html,36cf8d9e,Haoshuo Bi,2025-10-31,15:55:54,-07:00,2025-10-31T15:55:54-07:00,2,85
project\index.html,27,html,36cf8d9e,Haoshuo Bi,2025-10-31,15:55:54,-07:00,2025-10-31T15:55:54-07:00,1,6
project\index.html,28,html,4459b7e5,Haoshuo Bi,2025-09-30,11:56:28,-07:00,2025-09-30T11:56:28-07:00,0,5
project\index.html,29,html,4459b7e5,Haoshuo Bi,2025-09-30,11:56:28,-07:00,2025-09-30T11:56:28-07:00,0,4
project\index.html,30,html,36cf8d9e,Haoshuo Bi,2025-10-31,15:55:54,-07:00,2025-10-31T15:55:54-07:00,1,22
project\index.html,31,html,36cf8d9e,Haoshuo Bi,2025-10-31,15:55:54,-07:00,2025-10-31T15:55:54-07:00,2,45
project\index.html,32,html,019054d9,Haoshuo Bi,2025-10-08,22:05:31,-07:00,2025-10-08T22:05:31-07:00,0,0
project\index.html,33,html,019054d9,Haoshuo Bi,2025-10-08,22:05:31,-07:00,2025-10-08T22:05:31-07:00,0,0
project\index.html,34,html,36cf8d9e,Haoshuo Bi,2025-10-31,15:55:54,-07:00,2025-10-31T15:55:54-07:00,2,19
project\index.html,35,html,36cf8d9e,Haoshuo Bi,2025-10-31,15:55:54,-07:00,2025-10-31T15:55:54-07:00,3,102
project\index.html,36,html,36cf8d9e,Haoshuo Bi,2025-10-31,15:55:54,-07:00,2025-10-31T15:55:54-07:00,2,4
project\index.html,37,html,019054d9,Haoshuo Bi,2025-10-08,22:05:31,-07:00,2025-10-08T22:05:31-07:00,0,0
project\index.html,38,html,36cf8d9e,Haoshuo Bi,2025-10-31,15:55:54,-07:00,2025-10-31T15:55:54-07:00,2,14
project\index.html,39,html,36cf8d9e,Haoshuo Bi,2025-10-31,15:55:54,-07:00,2025-10-31T15:55:54-07:00,2,20
project\index.html,40,html,36cf8d9e,Haoshuo Bi,2025-10-31,15:55:54,-07:00,2025-10-31T15:55:54-07:00,3,89
project\index.html,41,html,36cf8d9e,Haoshuo Bi,2025-10-31,15:55:54,-07:00,2025-10-31T15:55:54-07:00,3,42
project\index.html,42,html,36cf8d9e,Haoshuo Bi,2025-10-31,15:55:54,-07:00,2025-10-31T15:55:54-07:00,2,4
project\index.html,43,html,019054d9,Haoshuo Bi,2025-10-08,22:05:31,-07:00,2025-10-08T22:05:31-07:00,0,0
project\index.html,44,html,00000000,Not Committed Yet,2025-11-07,14:27:55,-08:00,2025-11-07T14:27:55-08:00,2,12
project\index.html,45,html,36cf8d9e,Haoshuo Bi,2025-10-31,15:55:54,-07:00,2025-10-31T15:55:54-07:00,2,58
project\index.html,46,html,36cf8d9e,Haoshuo Bi,2025-10-31,15:55:54,-07:00,2025-10-31T15:55:54-07:00,1,5
project\index.html,47,html,019054d9,Haoshuo Bi,2025-10-08,22:05:31,-07:00,2025-10-08T22:05:31-07:00,0,0
project\index.html,48,html,00000000,Not Committed Yet,2025-11-07,14:27:55,-08:00,2025-11-07T14:27:55-08:00,1,15
project\index.html,49,html,36cf8d9e,Haoshuo Bi,2025-10-31,15:55:54,-07:00,2025-10-31T15:55:54-07:00,1,49
project\index.html,50,html,4459b7e5,Haoshuo Bi,2025-09-30,11:56:28,-07:00,2025-09-30T11:56:28-07:00,0,5
project\index.html,51,html,36cf8d9e,Haoshuo Bi,2025-10-31,15:55:54,-07:00,2025-10-31T15:55:54-07:00,0,5
contact\index.html,1,html,f71f11e9,Haoshuo Bi,2025-09-30,20:45:19,-07:00,2025-09-30T20:45:19-07:00,0,13
contact\index.html,2,html,4459b7e5,Haoshuo Bi,2025-09-30,11:56:28,-07:00,2025-09-30T11:56:28-07:00,0,14
contact\index.html,3,html,4459b7e5,Haoshuo Bi,2025-09-30,11:56:28,-07:00,2025-09-30T11:56:28-07:00,0,4
contact\index.html,4,html,f71f11e9,Haoshuo Bi,2025-09-30,20:45:19,-07:00,2025-09-30T20:45:19-07:00,1,20
contact\index.html,5,html,f71f11e9,Haoshuo Bi,2025-09-30,20:45:19,-07:00,2025-09-30T20:45:19-07:00,1,68
contact\index.html,6,html,f71f11e9,Haoshuo Bi,2025-09-30,20:45:19,-07:00,2025-09-30T20:45:19-07:00,1,33
contact\index.html,7,html,f71f11e9,Haoshuo Bi,2025-09-30,20:45:19,-07:00,2025-09-30T20:45:19-07:00,1,41
contact\index.html,8,html,4459b7e5,Haoshuo Bi,2025-09-30,11:56:28,-07:00,2025-09-30T11:56:28-07:00,0,5
contact\index.html,9,html,4459b7e5,Haoshuo Bi,2025-09-30,11:56:28,-07:00,2025-09-30T11:56:28-07:00,0,4
contact\index.html,10,html,a5df0b22,Haoshuo Bi,2025-10-14,21:06:28,-07:00,2025-10-14T21:06:28-07:00,1,8
contact\index.html,11,html,f71f11e9,Haoshuo Bi,2025-09-30,20:45:19,-07:00,2025-09-30T20:45:19-07:00,2,20
contact\index.html,12,html,93505296,Haoshuo Bi,2025-09-30,20:49:56,-07:00,2025-09-30T20:49:56-07:00,2,31
contact\index.html,13,html,f71f11e9,Haoshuo Bi,2025-09-30,20:45:19,-07:00,2025-09-30T20:45:19-07:00,2,22
contact\index.html,14,html,0a3b494c,Haoshuo Bi,2025-09-30,23:35:08,-07:00,2025-09-30T23:35:08-07:00,2,29
contact\index.html,15,html,f71f11e9,Haoshuo Bi,2025-09-30,20:45:19,-07:00,2025-09-30T20:45:19-07:00,2,78
contact\index.html,16,html,a5df0b22,Haoshuo Bi,2025-10-14,21:06:28,-07:00,2025-10-14T21:06:28-07:00,1,8
contact\index.html,17,html,f71f11e9,Haoshuo Bi,2025-09-30,20:45:19,-07:00,2025-09-30T20:45:19-07:00,0,0
contact\index.html,18,html,f71f11e9,Haoshuo Bi,2025-09-30,20:45:19,-07:00,2025-09-30T20:45:19-07:00,1,17
contact\index.html,19,html,f71f11e9,Haoshuo Bi,2025-09-30,20:45:19,-07:00,2025-09-30T20:45:19-07:00,1,50
contact\index.html,20,html,f71f11e9,Haoshuo Bi,2025-09-30,20:45:19,-07:00,2025-09-30T20:45:19-07:00,0,0
contact\index.html,21,html,a499ac9c,Haoshuo Bi,2025-10-02,12:15:51,-07:00,2025-10-02T12:15:51-07:00,1,68
contact\index.html,22,html,f71f11e9,Haoshuo Bi,2025-09-30,20:45:19,-07:00,2025-09-30T20:45:19-07:00,2,5
contact\index.html,23,html,f71f11e9,Haoshuo Bi,2025-09-30,20:45:19,-07:00,2025-09-30T20:45:19-07:00,3,4
contact\index.html,24,html,3dc2a29e,Haoshuo Bi,2025-10-02,12:04:52,-07:00,2025-10-02T12:04:52-07:00,3,40
contact\index.html,25,html,f71f11e9,Haoshuo Bi,2025-09-30,20:45:19,-07:00,2025-09-30T20:45:19-07:00,2,6
contact\index.html,26,html,f71f11e9,Haoshuo Bi,2025-09-30,20:45:19,-07:00,2025-09-30T20:45:19-07:00,2,6
contact\index.html,27,html,f71f11e9,Haoshuo Bi,2025-09-30,20:45:19,-07:00,2025-09-30T20:45:19-07:00,2,5
contact\index.html,28,html,f71f11e9,Haoshuo Bi,2025-09-30,20:45:19,-07:00,2025-09-30T20:45:19-07:00,3,6
contact\index.html,29,html,f71f11e9,Haoshuo Bi,2025-09-30,20:45:19,-07:00,2025-09-30T20:45:19-07:00,3,21
contact\index.html,30,html,f71f11e9,Haoshuo Bi,2025-09-30,20:45:19,-07:00,2025-09-30T20:45:19-07:00,2,6
contact\index.html,31,html,f71f11e9,Haoshuo Bi,2025-09-30,20:45:19,-07:00,2025-09-30T20:45:19-07:00,2,6
contact\index.html,32,html,f71f11e9,Haoshuo Bi,2025-09-30,20:45:19,-07:00,2025-09-30T20:45:19-07:00,2,5
contact\index.html,33,html,f71f11e9,Haoshuo Bi,2025-09-30,20:45:19,-07:00,2025-09-30T20:45:19-07:00,3,7
contact\index.html,34,html,f71f11e9,Haoshuo Bi,2025-09-30,20:45:19,-07:00,2025-09-30T20:45:19-07:00,3,50
contact\index.html,35,html,f71f11e9,Haoshuo Bi,2025-09-30,20:45:19,-07:00,2025-09-30T20:45:19-07:00,2,6
contact\index.html,36,html,f71f11e9,Haoshuo Bi,2025-09-30,20:45:19,-07:00,2025-09-30T20:45:19-07:00,2,6
contact\index.html,37,html,f71f11e9,Haoshuo Bi,2025-09-30,20:45:19,-07:00,2025-09-30T20:45:19-07:00,2,21
contact\index.html,38,html,f71f11e9,Haoshuo Bi,2025-09-30,20:45:19,-07:00,2025-09-30T20:45:19-07:00,1,5
contact\index.html,39,html,a5df0b22,Haoshuo Bi,2025-10-14,21:06:28,-07:00,2025-10-14T21:06:28-07:00,1,48
contact\index.html,40,html,a5df0b22,Haoshuo Bi,2025-10-14,21:06:28,-07:00,2025-10-14T21:06:28-07:00,0,0
contact\index.html,41,html,4459b7e5,Haoshuo Bi,2025-09-30,11:56:28,-07:00,2025-09-30T11:56:28-07:00,0,5
contact\index.html,42,html,f71f11e9,Haoshuo Bi,2025-09-30,20:45:19,-07:00,2025-09-30T20:45:19-07:00,0,5
